Restaurant_Name,Rating,Price_For_One,Cuisine,Location,Delivery_Review_Number,Link
Pizza Hut,4.1,200,Fast Food,St. Marks Road,539,https://www.zomato.com//bangalore/nandhini-deluxe-st-marks-road-bangalore 
KFC,4.4,200,Fast Food,Frazer Town,574,https://www.zomato.com//bangalore/thoms-bakery-since-1970-frazer-town-bangalore 
McDonald's,4.1,200,Fast Food,Shivajinagar,5248,https://www.zomato.com//bangalore/empire-restaurant-shivajinagar-bangalore 
Burger King,4.2,200,Fast Food,St. Marks Road,1967,https://www.zomato.com//bangalore/truffles-2-st-marks-road 
Meghana Foods,3.7,200,Biryani,City Market,17,https://www.zomato.com//bangalore/the-taj-hotel-1-city-market-bangalore 
Five Star Chicken,3.9,200,Fast Food,Koramangala,905,https://www.zomato.com//bangalore/hyderabad-biryaani-house-koramangala-5th-block 
Kanti Sweets,3.8,200,Sweets,Church Street,2962,https://www.zomato.com//bangalore/brik-oven-church-street 
Polar Bear,4.0,200,Desserts,Lavelle Road,86,https://www.zomato.com//bangalore/starbucks-coffee-lavelle-road-bangalore 
La Pino'z Pizza,3.9,200,Fast Food,Shanti Nagar,318,https://www.zomato.com//bangalore/dominos-pizza-shanti-nagar 
Onesta,3.9,200,Fast Food,Shanti Nagar,271,https://www.zomato.com//bangalore/pizza-hut-shanti-nagar 
EasyBites by Empire,3.7,200,Fast Food,Brigade Road,159,https://www.zomato.com//bangalore/kfc-brigade-road-bangalore 
Leon's Burgers & Wings,3.9,200,Fast Food,MG Road,213,https://www.zomato.com//bangalore/mcdonalds-mg-road 
Hari Super Sandwich,4.0,100,Bengali,Commercial Street,746,https://www.zomato.com//bangalore/burger-king-commercial-street 
Corner House Ice Creams,4.4,100,Desserts,Residency Road,2314,https://www.zomato.com//bangalore/meghana-foods-residency-road 
CakeZone,3.9,100,Desserts,City Market,918,https://www.zomato.com//bangalore/five-star-chicken-1-city-market-bangalore 
A2B - Adyar Ananda Bhavan,4.5,100,South Indian,Brigade Road,109,https://www.zomato.com//bangalore/kanti-sweets-brigade-road 
FreshMenu,4.3,100,Italian,Basavanagudi,300,https://www.zomato.com//bangalore/polar-bear-1-basavanagudi 
Al-Bek,3.9,100,Arabian,Basavanagudi,26,https://www.zomato.com//bangalore/la-pinoz-pizza-basavanagudi-bangalore 
Nandhana Palace,3.6,100,Biryani,Mantri Square,712,https://www.zomato.com//bangalore/onesta-malleshwaram-bangalore 
Amma's Pastries,3.7,100,Desserts,Brigade Road,699,https://www.zomato.com//bangalore/easybites-by-empire-brigade-road-bangalore 
NIC Ice Creams,4.0,100,Desserts,Frazer Town,24,https://www.zomato.com//bangalore/leons-burgers-wings-frazer-town-bangalore 
Taco Bell,3.7,100,Mexican,Brigade Road,15,https://www.zomato.com//bangalore/hari-super-sandwich-brigade-road-bangalore 
Goli Vada Pav No. 1,4.5,100,Italian,Residency Road,727,https://www.zomato.com//bangalore/corner-house-ice-creams-residency-road-bangalore 
Kabab Magic,4.3,100,North Indian,Koramangala,910,https://www.zomato.com//bangalore/cakezone-koramangala-6th-block-bangalore 
Subway,4.2,300,Bengali,Shanti Nagar,60,https://www.zomato.com//bangalore/a2b-adyar-ananda-bhavan-1-shanti-nagar-bangalore 
Wendy's Burgers,3.9,300,Italian,Richmond Road,925,https://www.zomato.com//bangalore/freshmenu-richmond-road 
WOW! Momo,4.1,300,Italian,Malleshwaram,1319,https://www.zomato.com//bangalore/al-bek-malleshwaram 
Samosa Party,4.0,300,Street Food,Indiranagar,1834,https://www.zomato.com//bangalore/nandhana-palace-indiranagar 
Natural Ice Cream,4.2,300,Desserts,Ulsoor,152,https://www.zomato.com//bangalore/ammas-pastries-ulsoor 
Mani's Dum Biryani,4.4,300,Biryani,Frazer Town,663,https://www.zomato.com//bangalore/nic-ice-creams-frazer-town-bangalore 
Lassi Shop,4.0,300,Beverages,Garuda Mall,111,https://www.zomato.com//bangalore/taco-bell-brigade-road-bangalore 
Anand Sweets And Savouries,4.1,300,North Indian,Jayanagar,532,https://www.zomato.com//bangalore/goli-vada-pav-no-1-jayanagar-bangalore 
Bakingo,3.6,300,Desserts,Richmond Town,139,https://www.zomato.com//bangalore/kabab-magic-richmond-town-bangalore 
Kwalitywall's Frozen Dessert And Ice Cream Shop,4.1,300,Desserts,UB City,137,https://www.zomato.com//bangalore/subway-lavelle-road 
Imperial Restaurant,4.0,300,North Indian,Shanti Nagar,844,https://www.zomato.com//bangalore/wendys-burgers-shanti-nagar-bangalore 
Ovenstory Pizza,4.2,300,Italian,Church Street,30,https://www.zomato.com//bangalore/wow-momo-church-street-bangalore 
EatFit,4.4,200,Bengali,Brigade Road,18,https://www.zomato.com//bangalore/samosa-party-brigade-road-bangalore 
Sharief Bhai,4.5,200,North Indian,St. Marks Road,249,https://www.zomato.com//bangalore/natural-ice-cream-st-marks-road 
Faasos - Wraps & Rolls,4.3,200,Italian,Ulsoor,276,https://www.zomato.com//bangalore/manis-dum-biryani-ulsoor 
MOJO Pizza - 2X Toppings,3.3,200,Italian,Residency Road,802,https://www.zomato.com//bangalore/lassi-shop-1-residency-road-bangalore 
Asha Sweet Center,4.6,200,Sweets,Commercial Street,863,https://www.zomato.com//bangalore/anand-sweets-and-savouries-commercial-street-bangalore 
The Belgian Waffle Co.,4.4,200,Mexican,Vasanth Nagar,502,https://www.zomato.com//bangalore/bakingo-vasanth-nagar-bangalore 
Kannur Food Point,4.3,200,Kerala,Wilson Garden,522,https://www.zomato.com//bangalore/kwalitywalls-frozen-dessert-and-ice-cream-shop-wilson-garden-bangalore 
WarmOven Cake & Desserts,3.9,200,Mexican,Residency Road,453,https://www.zomato.com//bangalore/imperial-restaurant-residency-road 
Ambur Star Briyani Since 1890,4.4,200,Biryani,Shanti Nagar,601,https://www.zomato.com//bangalore/ovenstory-pizza-1-shanti-nagar-bangalore 
Andhra Gunpowder,4.0,200,Andhra,Cunningham Road,835,https://www.zomato.com//bangalore/eatfit-cunningham-road-bangalore 
Rolls On Wheels,4.0,200,Italian,Frazer Town,772,https://www.zomato.com//bangalore/sharief-bhai-frazer-town-bangalore 
Chicking,4.1,200,Fast Food,Shanti Nagar,655,https://www.zomato.com//bangalore/faasos-wraps-rolls-shanti-nagar-bangalore 
Paradise Biryani,4.4,350,Biryani,Shanti Nagar,678,https://www.zomato.com//bangalore/mojo-pizza-2x-toppings-shanti-nagar-bangalore 
Meat And Eat,4.1,350,Fast Food,Vasanth Nagar,877,https://www.zomato.com//bangalore/asha-sweet-center-1-vasanth-nagar-bangalore 
California Burrito,4.4,350,Mexican,Seshadripuram,34,https://www.zomato.com//bangalore/the-belgian-waffle-co-seshadripuram-bangalore 
Sri Udupi Food Hub,3.8,350,South Indian,BTM,574,https://www.zomato.com//bangalore/kannur-food-point-btm 
Chai Point,3.4,350,Mexican,Vasanth Nagar,704,https://www.zomato.com//bangalore/warmoven-cake-desserts-vasanth-nagar-bangalore 
Paakashala,4.3,350,South Indian,Indiranagar,106,https://www.zomato.com//bangalore/ambur-star-briyani-since-1890-indiranagar-bangalore 
Beijing Bites,4.4,350,Chinese,Seshadripuram,853,https://www.zomato.com//bangalore/andhra-gunpowder-seshadripuram-bangalore 
Hari Super Sandwich,4.0,350,Mexican,St. Marks Road,991,https://www.zomato.com//bangalore/rolls-on-wheels-st-marks-road-bangalore 
Baskin Robbins - Ice Cream Desserts,4.1,350,Desserts,Rajajinagar,976,https://www.zomato.com//bangalore/chicking-1-rajajinagar-bangalore 
Chinese Wok,4.1,350,Chinese,Rajajinagar,583,https://www.zomato.com//bangalore/paradise-biryani-rajajinagar-bangalore 
Theobroma,3.8,350,Desserts,Domlur,76,https://www.zomato.com//bangalore/meat-and-eat-domlur 
Behrouz Biryani,4.4,350,Biryani,Mantri Square,203,https://www.zomato.com//bangalore/california-burrito-malleshwaram 
Glen's Bakehouse,4.1,200,Desserts,Majestic,73,https://www.zomato.com//bangalore/sri-udupi-food-hub-majestic-bangalore 
Royal Restaurant,4.0,200,North Indian,MG Road,932,https://www.zomato.com//bangalore/chai-point-mg-road 
Sri Udupi Park,4.1,200,South Indian,MG Road,290,https://www.zomato.com//bangalore/paakashala-mg-road-bangalore 
RNR Biryani - Taste Of 1953,3.8,200,Biryani,Richmond Road,379,https://www.zomato.com//bangalore/beijing-bites-richmond-road 
Pathaan Sir,3.9,200,Fast Food,Seshadripuram,590,https://www.zomato.com//bangalore/hari-super-sandwich-seshadripuram-bangalore 
"Frozen Bottle - Milkshakes, Desserts And Ice Cream",4.2,200,Desserts,Garuda Mall,704,https://www.zomato.com//bangalore/baskin-robbins-ice-cream-desserts-1-brigade-road-bangalore 
Krispy Kreme,4.0,200,Desserts,Malleshwaram,579,https://www.zomato.com//bangalore/chinese-wok-malleshwaram-bangalore 
Vijayalakshmi Veg,4.4,200,South Indian,Lavelle Road,32,https://www.zomato.com//bangalore/theobroma-lavelle-road-bangalore 
Cakewala,4.1,200,Desserts,Shanti Nagar,860,https://www.zomato.com//bangalore/behrouz-biryani-shanti-nagar-bangalore 
Smoor,4.4,200,Asian,Lavelle Road,1508,https://www.zomato.com//bangalore/glens-bakehouse-lavelle-road 
The Pizza Bakery,3.9,200,Fast Food,Shivajinagar,238,https://www.zomato.com//bangalore/royal-restaurant-shivajinagar 
Dindigul Thalappakatti,4.1,200,Biryani,Residency Road,153,https://www.zomato.com//bangalore/sri-udupi-park-residency-road 
Sandwich Guru,4.3,100,Mexican,Jayanagar,2757,https://www.zomato.com//bangalore/rnr-biryani-taste-of-1953-1-jayanagar-bangalore 
Call Me Chow,3.4,100,Chinese,Wilson Garden,880,https://www.zomato.com//bangalore/pathaan-sir-wilson-garden-bangalore 
Chetty's Corner,3.8,100,Fast Food,Brigade Road,94,https://www.zomato.com//bangalore/frozen-bottle-milkshakes-desserts-and-ice-cream-brigade-road-bangalore 
Savi Sagar,4.5,100,North Indian,Richmond Road,60,https://www.zomato.com//bangalore/krispy-kreme-richmond-road 
BOX8 - Desi Meals,4.0,100,North Indian,Frazer Town,100,https://www.zomato.com//bangalore/vijayalakshmi-veg-frazer-town-bangalore 
Donne Biryani House,4.2,100,Biryani,Jayanagar,302,https://www.zomato.com//bangalore/cakewala-1-jayanagar 
Falahaar & Kota Kachori,4.3,100,North Indian,Lavelle Road,604,https://www.zomato.com//bangalore/smoor-lavelle-road-bangalore 
Sagar Hotel,4.2,100,North Indian,Church Street,217,https://www.zomato.com//bangalore/the-pizza-bakery-church-street-bangalore 
Narmada Chain of Restaurants,3.7,100,Biryani,MG Road,387,https://www.zomato.com//bangalore/dindigul-thalappakatti-mg-road-bangalore 
Sangam Sweets,4.0,100,Sweets,Basavanagudi,22,https://www.zomato.com//bangalore/sandwich-guru-basavanagudi-bangalore 
Mad Over Donuts,4.2,100,Desserts,Koramangala,725,https://www.zomato.com//bangalore/call-me-chow-koramangala-8th-block-bangalore 
Biryani By Kilo,4.1,100,Biryani,Seshadripuram,17,https://www.zomato.com//chettyscorner 
Shree Mahalakshmi Sweets,3.8,100,Sweets,Malleshwaram,221,https://www.zomato.com//bangalore/savi-sagar-malleshwaram-bangalore 
India Sweet House,4.2,100,Sweets,Shanti Nagar,760,https://www.zomato.com//bangalore/box8-desi-meals-shanti-nagar-bangalore 
Madeena Hotel,4.0,100,Biryani,Malleshwaram,111,https://www.zomato.com//bangalore/donne-biryani-house-malleshwaram 
Just Bake,3.9,100,Desserts,Koramangala,3670,https://www.zomato.com//bangalore/falahaar-kota-kachori-koramangala-7th-block-bangalore 
Karnataka Biryani Point,4.2,100,Biryani,Rajajinagar,1133,https://www.zomato.com//bangalore/sagar-hotel-rajajinagar 
Third Wave Coffee,4.3,100,Beverages,Frazer Town,26,https://www.zomato.com//bangalore/narmada-chain-of-restaurants-frazer-town-bangalore 
Namaste,4.2,100,South Indian,Majestic,128,https://www.zomato.com//bangalore/sangam-sweets-majestic 
Chaayos Chai+Snacks=Relax,3.7,100,Mexican,Mantri Square,190,https://www.zomato.com//bangalore/mad-over-donuts-1-malleshwaram 
Roti Ghar,3.6,100,North Indian,Majestic,863,https://www.zomato.com//bangalore/biryani-by-kilo-majestic-bangalore 
New Agarwal Bhavan,4.0,100,Sweets,Basavanagudi,626,https://www.zomato.com//bangalore/shree-mahalakshmi-sweets-2-basavanagudi-bangalore 
Kapoor's Cafe,4.0,100,North Indian,Malleshwaram,612,https://www.zomato.com//bangalore/india-sweet-house-2-malleshwaram-bangalore 
Chaat Street,4.0,100,Street Food,Koramangala,286,https://www.zomato.com//bangalore/madeena-hotel-koramangala-5th-block-bangalore 
Aromas Of Biryani,4.0,250,North Indian,Seshadripuram,17,https://www.zomato.com//bangalore/just-bake-seshadripuram 
Savoury Restaurant,4.0,250,Arabian,Rajajinagar,37,https://www.zomato.com//bangalore/karnataka-biryani-point-rajajinagar-bangalore 
Chaatimes,4.4,250,Street Food,UB City,355,https://www.zomato.com//bangalore/third-wave-coffee-lavelle-road-bangalore 
LunchBox - Meals and Thalis,4.2,250,North Indian,Malleshwaram,58,https://www.zomato.com//bangalore/namaste-malleshwaram-bangalore 
New Taj Darbar,4.3,250,North Indian,Cunningham Road,77,https://www.zomato.com//bangalore/chaayos-chai-snacks-relax-cunningham-road-bangalore 
Zomoz - The Momo Company,4.2,250,Fast Food,Basavanagudi,925,https://www.zomato.com//bangalore/roti-ghar-basavanagudi 
M.M.A Kabab and Rolls,4.4,250,North Indian,Sadashiv Nagar,89,https://www.zomato.com//bangalore/new-agarwal-bhavan-sadashiv-nagar-bangalore 
Big Bowl,4.2,250,North Indian,Jayanagar,560,https://www.zomato.com//bangalore/kapoors-cafe-jayanagar-bangalore 
WOW! China,4.0,250,Chinese,Koramangala,826,https://www.zomato.com//bangalore/chaat-street-koramangala-4th-block-bangalore 
Biryani Trip - Destination Hyderabad,4.1,250,Biryani,Jayanagar,384,https://www.zomato.com//bangalore/aromas-of-biryani-1-jayanagar-bangalore 
Aubree,4.1,250,Desserts,Frazer Town,1588,https://www.zomato.com//bangalore/savoury-restaurant-1-frazer-town 
ibaco,4.0,250,Desserts,Brigade Road,584,https://www.zomato.com//bangalore/chaatimes-brigade-road-bangalore 
New Udupi Grand,3.9,100,South Indian,Shanti Nagar,757,https://www.zomato.com//bangalore/lunchbox-meals-and-thalis-shanti-nagar-bangalore 
Chef Bakers,3.3,100,Desserts,Shivajinagar,70,https://www.zomato.com//bangalore/new-taj-darbar-shivajinagar-bangalore 
Kaati Zone Rolls and Wraps,4.1,100,Fast Food,Indiranagar,552,https://www.zomato.com//bangalore/zomoz-the-momo-company-indiranagar-bangalore 
Just Shawarma,3.4,100,Fast Food,Old Madras Road,118,https://www.zomato.com//bangalore/m-m-a-kabab-and-rolls-old-madras-road-bangalore 
Donne Biryani Mane,3.7,100,Biryani,Hosur Road,528,https://www.zomato.com//bangalore/big-bowl-hosur-road-bangalore 
Chowman,3.7,100,Chinese,Church Street,43,https://www.zomato.com//bangalore/wow-china-church-street-bangalore 
Biggies Burger,4.3,100,Fast Food,Seshadripuram,910,https://www.zomato.com//bangalore/biryani-trip-destination-hyderabad-seshadripuram-bangalore 
Natraj Chole Bhature,4.0,100,North Indian,Shivajinagar,921,https://www.zomato.com//bangalore/aubree-shivajinagar-bangalore 
Keventers - Milkshakes & Desserts,4.2,100,Beverages,Brigade Road,107,https://www.zomato.com//bangalore/ibaco-brigade-road-bangalore 
Kaapi Katte,4.0,100,South Indian,Koramangala,13,https://www.zomato.com//bangalore/new-udupi-grand-1-koramangala-8th-block-bangalore 
7 Plates,3.4,100,North Indian,Koramangala,25,https://www.zomato.com//bangalore/chef-bakers-koramangala-7th-block-bangalore 
The Cake Deluxe,3.1,100,Desserts,Vasanth Nagar,749,https://www.zomato.com//bangalore/kaati-zone-rolls-and-wraps-vasanth-nagar-bangalore 
Puliyogare Point,3.9,50,South Indian,Indiranagar,828,https://www.zomato.com//bangalore/just-shawarma-indiranagar-bangalore 
Sreeraj Lassi Bar,3.7,50,Desserts,Koramangala,40,https://www.zomato.com//bangalore/donne-biryani-mane-koramangala-4th-block-bangalore 
New Shanthi Sagar,4.0,50,North Indian,Indiranagar,1441,https://www.zomato.com//bangalore/chowman-indiranagar-bangalore 
Madurai Idly Shop,4.1,50,South Indian,Church Street,478,https://www.zomato.com//bangalore/biggies-burger-church-street-bangalore 
Barbeque Nation,4.2,50,North Indian,Indiranagar,48,https://www.zomato.com//bangalore/natraj-chole-bhature-indiranagar-bangalore 
Ambur Hot Dum Biryani,4.3,50,Biryani,Garuda Mall,22,https://www.zomato.com//bangalore/keventers-milkshakes-desserts-brigade-road-bangalore 
Just Cakes,3.9,50,Desserts,Seshadripuram,33,https://www.zomato.com//bangalore/kaapi-katte-2-seshadripuram-bangalore 
Karnataka Bhel House,4.3,50,Street Food,Frazer Town,829,https://www.zomato.com//bangalore/7-plates-frazer-town 
Thalairaj Biryani,4.1,50,Biryani,Basavanagudi,963,https://www.zomato.com//bangalore/the-cake-deluxe-basavanagudi-bangalore 
Delicacy,4.4,50,Chinese,Basavanagudi,760,https://www.zomato.com//bangalore/puliyogare-point-basavanagudi 
Juice Junction,3.9,50,Desserts,Shanti Nagar,78,https://www.zomato.com//bangalore/sreeraj-lassi-bar-shanti-nagar 
99 Variety Dosa & Pav Bhaji,3.9,50,South Indian,Rajajinagar,53,https://www.zomato.com//bangalore/new-shanthi-sagar-rajajinagar-bangalore 
New Krishna Sagar,3.9,100,South Indian,Koramangala,579,https://www.zomato.com//bangalore/madurai-idly-shop-1-koramangala-7th-block-bangalore 
Great Indian Khichdi by EatFit,3.8,100,Mexican,Lido Mall,1689,https://www.zomato.com//bangalore/barbeque-nation-ulsoor-bangalore 
Kolkata Famous Kati Rolls,4.1,100,Fast Food,BTM,27,https://www.zomato.com//bangalore/ambur-hot-dum-biryani-btm 
Sri Srinivas Pork Hotel,4.0,100,Fast Food,Koramangala,918,https://www.zomato.com//bangalore/just-cakes-koramangala-7th-block-bangalore 
Bombay Kulfis,4.3,100,Desserts,Basavanagudi,508,https://www.zomato.com//bangalore/karnataka-bhel-house-basavanagudi 
IDC Kitchen,4.1,100,South Indian,Indiranagar,940,https://www.zomato.com//bangalore/thalairaj-biryani-indiranagar-bangalore 
CTR Shri Sagar,4.0,100,South Indian,Frazer Town,273,https://www.zomato.com//bangalore/delicacy-frazer-town 
Brahmins' Thatte Idli,4.1,100,South Indian,St. Marks Road,123,https://www.zomato.com//bangalore/juice-junction-st-marks-road 
Chikpet Donne Biriyani House,3.5,100,Biryani,Koramangala,164,https://www.zomato.com//bangalore/99-variety-dosa-pav-bhaji-koramangala-6th-block-bangalore 
Bhartiya Jalpan,3.7,100,North Indian,Indiranagar,83,https://www.zomato.com//bangalore/new-krishna-sagar-indiranagar 
Hakka Box,4.0,100,Chinese,Cunningham Road,846,https://www.zomato.com//bangalore/great-indian-khichdi-by-eatfit-cunningham-road-bangalore 
Prasuma Momo Kitchen,4.0,100,Fast Food,City Market,633,https://www.zomato.com//bangalore/kolkata-famous-kati-rolls-city-market-bangalore 
NOTO - Healthy Ice Cream,3.3,100,Desserts,Ejipura,49,https://www.zomato.com//bangalore/sri-srinivas-pork-hotel-ejipura-bangalore 
Siddique Kabab Centre,4.0,100,Sweets,Shanti Nagar,527,https://www.zomato.com//bangalore/bombay-kulfis-1-shanti-nagar-bangalore 
Cream Stone Ice Cream,4.2,100,Desserts,Residency Road,35,https://www.zomato.com//bangalore/idc-kitchen-residency-road-bangalore 
Cafe Coffee Day,4.3,100,Beverages,Malleshwaram,4915,https://www.zomato.com//bangalore/ctr-shri-sagar-malleshwaram-bangalore 
The Cake Fancy,4.2,100,Desserts,Malleshwaram,59,https://www.zomato.com//bangalore/brahmins-thatte-idli-1-malleshwaram-bangalore 
Nagarjuna,3.7,100,Andhra,Rajajinagar,121,https://www.zomato.com//bangalore/chikpet-donne-biriyani-house-rajajinagar 
Momo Zone - The Momo Company,3.9,100,Fast Food,Commercial Street,138,https://www.zomato.com//bangalore/bhartiya-jalpan-commercial-street-bangalore 
Paris Panini - Gourmet Sandwiches,3.7,100,Mexican,Domlur,969,https://www.zomato.com//bangalore/hakka-box-domlur-bangalore 
Toscano,4.4,100,Italian,Koramangala,950,https://www.zomato.com//bangalore/prasuma-momo-kitchen-koramangala-7th-block-bangalore 
The Dessert Heaven - Pure Veg,4.3,100,Desserts,Brigade Road,620,https://www.zomato.com//bangalore/noto-healthy-ice-cream-brigade-road-bangalore 
Ambur Biryani Point,4.1,100,Biryani,Frazer Town,553,https://www.zomato.com//bangalore/siddique-kabab-centre-frazer-town 
Anjappar,4.0,100,Chinese,Frazer Town,100,https://www.zomato.com//bangalore/cream-stone-ice-cream-frazer-town-bangalore 
Punjabi Nawabi,3.6,150,North Indian,Lavelle Road,877,https://www.zomato.com//bangalore/cafe-coffee-day-1-lavelle-road-bangalore 
The Dessert Zone,4.2,150,Desserts,Basavanagudi,924,https://www.zomato.com//bangalore/the-cake-fancy-basavanagudi-bangalore 
Gopaljee Cafe,4.3,150,Street Food,Residency Road,2318,https://www.zomato.com//bangalore/nagarjuna-residency-road 
Daily Sushi,3.6,150,Chinese,Vasanth Nagar,596,https://www.zomato.com//bangalore/momo-zone-the-momo-company-vasanth-nagar-bangalore 
Sri Venkateshwara Sweetmeat Stall,4.3,150,Sweets,Church Street,95,https://www.zomato.com//bangalore/paris-panini-gourmet-sandwiches-church-street-bangalore 
Paratha Envy,4.2,150,North Indian,UB City,2083,https://www.zomato.com//bangalore/toscano-lavelle-road 
Bombay Bitess,4.1,150,North Indian,Koramangala,696,https://www.zomato.com//bangalore/the-dessert-heaven-pure-veg-koramangala-6th-block-bangalore 
Crusto's - Cheese Burst Pizza,3.8,150,Fast Food,Koramangala,517,https://www.zomato.com//bangalore/ambur-biryani-point-koramangala-8th-block-bangalore 
Jose Mess,3.8,150,Kerala,Brigade Road,42,https://www.zomato.com//bangalore/anjappar-brigade-road-bangalore 
Bucket Biryani,3.7,150,Biryani,Koramangala,533,https://www.zomato.com//bangalore/punjabi-nawabi-koramangala-7th-block-bangalore 
Pasta Street,3.5,150,Fast Food,Vasanth Nagar,967,https://www.zomato.com//bangalore/the-dessert-zone-vasanth-nagar-bangalore 
Magnolia Bakery,4.1,150,Desserts,Koramangala,121,https://www.zomato.com//bangalore/gopaljee-cafe-koramangala-7th-block-bangalore 
Grameen Kulfi,4.2,100,Desserts,Church Street,132,https://www.zomato.com//bangalore/daily-sushi-church-street-bangalore 
La Heaven,4.6,100,Desserts,Majestic,100,https://www.zomato.com//bangalore/sri-venkateshwara-sweetmeat-stall-majestic 
Kunafa World,4.2,100,Desserts,Koramangala,650,https://www.zomato.com//bangalore/paratha-envy-koramangala-6th-block-bangalore 
The Momo Co.,3.5,100,Fast Food,Rajajinagar,22,https://www.zomato.com//bangalore/bombay-bitess-rajajinagar-bangalore 
Bangarpet Chats,3.8,100,Street Food,Koramangala,779,https://www.zomato.com//bangalore/crustos-cheese-burst-pizza-koramangala-6th-block-bangalore 
NH1 Bowls - Highway To North,4.1,100,North Indian,BTM,421,https://www.zomato.com//bangalore/jose-mess-1-btm-bangalore 
Sweet Truth - Cake and Desserts,4.1,100,Desserts,Brigade Road,15,https://www.zomato.com//bangalore/bucket-biryani-brigade-road-bangalore 
Samosa Singh,4.2,100,Street Food,Cunningham Road,4118,https://www.zomato.com//bangalore/pasta-street-cunningham-road 
Auntie Fung's,4.4,100,Asian,Indiranagar,897,https://www.zomato.com//bangalore/magnolia-bakery-indiranagar-bangalore 
RollsKing,4.0,100,Fast Food,Koramangala,915,https://www.zomato.com//bangalore/grameen-kulfi-koramangala-8th-block-bangalore 
Nando's,4.4,100,Fast Food,Malleshwaram,145,https://www.zomato.com//bangalore/la-heaven-malleshwaram-bangalore 
UBQ by Barbeque Nation,4.4,100,North Indian,Frazer Town,104,https://www.zomato.com//bangalore/kunafa-world-frazer-town-bangalore 
Cupcake Bliss Cakes & Desserts,4.0,150,Desserts,Hosur Road,779,https://www.zomato.com//bangalore/the-momo-co-hosur-road-bangalore 
XO Belgian Waffle,4.1,150,Mexican,Rajajinagar,34,https://www.zomato.com//bangalore/bangarpet-chats-rajajinagar-bangalore 
Home Plate by EatFit,4.5,150,Mexican,Langford Town,787,https://www.zomato.com//bangalore/nh1-bowls-highway-to-north-langford-town-bangalore 
FB Cakes,4.0,150,Desserts,Shanti Nagar,733,https://www.zomato.com//bangalore/sweet-truth-cake-and-desserts-shanti-nagar-bangalore 
Umpire Chicken County,4.0,150,Fast Food,Garuda Mall,26,https://www.zomato.com//bangalore/samosa-singh-brigade-road-bangalore 
Vidyarthi Bhavan,4.1,150,South Indian,Indiranagar,884,https://www.zomato.com//bangalore/auntie-fungs-indiranagar-bangalore 
Friendly Neighbourhood Pizza - Man,4.1,150,Fast Food,BTM,890,https://www.zomato.com//bangalore/rollsking-btm-bangalore 
Swiss Cream,4.5,150,Desserts,Forum Rex Walk,639,https://www.zomato.com//bangalore/nandos-brigade-road-bangalore 
Aligarh House - Mughlai Biryani,3.8,150,Biryani,Ulsoor,656,https://www.zomato.com//bangalore/ubq-by-barbeque-nation-ulsoor-bangalore 
Shawarma Time,3.4,150,Fast Food,Vasanth Nagar,612,https://www.zomato.com//bangalore/cupcake-bliss-cakes-desserts-vasanth-nagar-bangalore 
New Shanthi Sagar,4.4,150,South Indian,Building 105,785,https://www.zomato.com//bangalore/xo-belgian-waffle-koramangala-5th-block 
Antarastriya,4.1,150,Fast Food,Cunningham Road,657,https://www.zomato.com//bangalore/home-plate-by-eatfit-cunningham-road-bangalore 
LeanCrust Pizza - ThinCrust Experts,4.0,400,Fast Food,BTM,703,https://www.zomato.com//bangalore/fb-cakes-1-btm-bangalore 
The Good Bowl,3.6,400,North Indian,Richmond Road,626,https://www.zomato.com//bangalore/umpire-chicken-county-richmond-road-bangalore 
Kailash Parbat,4.1,400,North Indian,Basavanagudi,5068,https://www.zomato.com//bangalore/vidyarthi-bhavan-basavanagudi 
Al Zara Mandi Arabian Restaurant,4.2,400,North Indian,Basavanagudi,22,https://www.zomato.com//bangalore/friendly-neighbourhood-pizza-man-basavanagudi-bangalore 
Bowl Soul,3.9,400,Fast Food,Shanti Nagar,21,https://www.zomato.com//bangalore/swiss-cream-shanti-nagar-bangalore 
Rotti Walla,4.0,400,North Indian,Cunningham Road,963,https://www.zomato.com//bangalore/aligarh-house-mughlai-biryani-cunningham-road-bangalore 
Louis Burger,3.5,400,Fast Food,RT Nagar,37,https://www.zomato.com//bangalore/shawarma-time-1-rt-nagar-bangalore 
Dum Safar Biryani,3.5,400,Biryani,Basavanagudi,74,https://www.zomato.com//bangalore/new-shanthi-sagar-basavanagudi 
Raidan Restaurant,3.6,400,North Indian,Malleshwaram,415,https://www.zomato.com//antarastriya 
Lulu Hypermarket,4.3,400,Arabian,Langford Town,638,https://www.zomato.com//bangalore/leancrust-pizza-thincrust-experts-langford-town-bangalore 
Shyamji's Chole Bhature,4.2,400,North Indian,Shanti Nagar,968,https://www.zomato.com//bangalore/the-good-bowl-shanti-nagar-bangalore 
Hotel Fanoos,3.9,400,Fast Food,Sadashiv Nagar,62,https://www.zomato.com//bangalore/kailash-parbat-sadashiv-nagar-bangalore 
Lo! - Low Carb And Keto Foods,4.2,150,Mexican,Frazer Town,86,https://www.zomato.com//bangalore/al-zara-mandi-arabian-restaurant-frazer-town-bangalore 
Indiana Burgers,4.0,150,Fast Food,Richmond Town,765,https://www.zomato.com//bangalore/bowl-soul-richmond-town-bangalore 
Biryani Blues,3.8,150,Biryani,Indiranagar,882,https://www.zomato.com//bangalore/rotti-walla-indiranagar-bangalore 
Art of Delight,4.2,150,Desserts,Koramangala,865,https://www.zomato.com//bangalore/louis-burger-koramangala-7th-block-bangalore 
Shanthi Sagar,4.2,150,South Indian,Rajajinagar,646,https://www.zomato.com//bangalore/dum-safar-biryani-rajajinagar-bangalore 
Upahara Darshini,4.0,150,South Indian,RT Nagar,24,https://www.zomato.com//bangalore/raidan-restaurant-rt-nagar-bangalore 
Vishnu Garden,4.0,150,South Indian,Rajajinagar,22,https://www.zomato.com//bangalore/lulu-hypermarket-rajajinagar-bangalore 
San Tung Chinese,4.2,150,Chinese,Malleshwaram,916,https://www.zomato.com//bangalore/shyamjis-chole-bhature-malleshwaram-bangalore 
Belgian Waffle Factory,4.1,150,Desserts,Richmond Road,870,https://www.zomato.com//bangalore/hotel-fanoos-richmond-road-bangalore 
Adiga's,4.3,150,South Indian,Domlur,841,https://www.zomato.com//bangalore/lo-low-carb-and-keto-foods-domlur-bangalore 
Sagar,3.4,150,North Indian,Vasanth Nagar,587,https://www.zomato.com//bangalore/indiana-burgers-vasanth-nagar-bangalore 
Chicken County Deluxe Restaurant,4.3,150,North Indian,Church Street,239,https://www.zomato.com//bangalore/biryani-blues-church-street-bangalore 
Cheesecake & Co.,4.4,300,Desserts,Residency Road,2079,https://www.zomato.com//bangalore/art-of-delight-residency-road 
Empire Juices and Desserts,4.0,300,Desserts,Ulsoor,213,https://www.zomato.com//bangalore/shanthi-sagar-ulsoor 
By 2 Coffee,4.2,300,South Indian,Jayanagar,432,https://www.zomato.com//bangalore/upahara-darshini-jayanagar 
Sweet Chariot Cafe,4.1,300,Desserts,RT Nagar,242,https://www.zomato.com//bangalore/vishnu-garden-rt-nagar 
Taj Hotel,3.6,300,North Indian,Malleshwaram,12,https://www.zomato.com//bangalore/san-tung-chinese-malleshwaram-bangalore 
The Biryani Life,4.0,300,Biryani,Frazer Town,881,https://www.zomato.com//bangalore/belgian-waffle-factory-frazer-town-bangalore 
Apsara Ice Creams,3.6,300,Desserts,Majestic,148,https://www.zomato.com//bangalore/adigas-majestic-bangalore 
Burger Seigneur,3.9,300,Fast Food,Seshadripuram,274,https://www.zomato.com//bangalore/sagar-seshadripuram-bangalore 
Teju Fry'd,4.0,300,Fast Food,Majestic,82,https://www.zomato.com//bangalore/chicken-county-deluxe-restaurant-majestic-bangalore 
Cool Town,4.3,300,Desserts,Koramangala,805,https://www.zomato.com//bangalore/cheesecake-co-koramangala-8th-block-bangalore 
AB's - Absolute Barbecues,4.7,300,North Indian,Shivajinagar,616,https://www.zomato.com//bangalore/empire-juices-and-desserts-shivajinagar-bangalore 
Bombay Kulfi,4.2,300,Desserts,Basavanagudi,56,https://www.zomato.com//bangalore/by-2-coffee-basavanagudi-bangalore 
ITC Master Chef Creations,4.3,300,North Indian,Residency Road,113,https://www.zomato.com//bangalore/sweet-chariot-cafe-residency-road 
Mealful Rolls - India's Biggest Rolls,4.0,200,Fast Food,Shivajinagar,178,https://www.zomato.com//bangalore/taj-hotel-shivajinagar 
Castle Restaurant,3.6,300,North Indian,Shanti Nagar,964,https://www.zomato.com//bangalore/the-biryani-life-shanti-nagar-bangalore 
Protein Chef,4.7,250,Mexican,Koramangala,293,https://www.zomato.com//bangalore/apsara-ice-creams-koramangala-5th-block-bangalore 
KC Das,4.1,150,Sweets,1 Sobha,209,https://www.zomato.com//bangalore/burger-seigneur-st-marks-road-bangalore 
ITC Sunfeast Baked Creations,3.7,300,Desserts,St. Marks Road,888,https://www.zomato.com//bangalore/teju-fryd-st-marks-road-bangalore 
Rolls Kitchen,3.9,100,Fast Food,Richmond Road,54,https://www.zomato.com//bangalore/cool-town-richmond-road-bangalore 
Habibi Falafel,3.8,200,Fast Food,Jatti Building,608,https://www.zomato.com//bangalore/abs-absolute-barbecues-koramangala-5th-block-bangalore 
Punjabi Unplugged,4.1,300,Chinese,Shanti Nagar,817,https://www.zomato.com//bangalore/bombay-kulfi-shanti-nagar-bangalore 
Thottathil Food House,4.3,150,Kerala,Commercial Street,808,https://www.zomato.com//bangalore/itc-master-chef-creations-commercial-street-bangalore 
Sree Banashankari Donne Biriyani,4.4,150,Biryani,Langford Town,702,https://www.zomato.com//bangalore/mealful-rolls-indias-biggest-rolls-langford-town-bangalore 
Maharaja Military Canteen - Donne Biryani,3.9,100,Biryani,BTM,49,https://www.zomato.com//bangalore/castle-restaurant-btm-bangalore 
Bake and Juice,4.0,150,Arabian,Indiranagar,942,https://www.zomato.com//bangalore/protein-chef-indiranagar-bangalore 
Krishnam Veg,4.2,150,South Indian,St. Marks Road,395,https://www.zomato.com//bangalore/kc-das-st-marks-road-bangalore 
Eat N Drink,4.3,150,Fast Food,Commercial Street,993,https://www.zomato.com//bangalore/itc-sunfeast-baked-creations-commercial-street-bangalore 
Hamza Hotel,4.2,150,North Indian,Langford Town,73,https://www.zomato.com//bangalore/rolls-kitchen-langford-town-bangalore 
Udupi Aatithya,4.2,150,North Indian,Indiranagar,184,https://www.zomato.com//bangalore/habibi-falafel-indiranagar-bangalore 
Big Bang Pizza,3.9,150,Fast Food,Koramangala,110,https://www.zomato.com//bangalore/punjabi-unplugged-koramangala-7th-block-bangalore 
Lassi Corner,3.7,150,Beverages,BTM,180,https://www.zomato.com//bangalore/thottathil-food-house-btm-bangalore 
Faasos Signature Wraps and Rolls,4.1,150,Fast Food,Basaveshwara Nagar,296,https://www.zomato.com//bangalore/sree-banashankari-donne-biriyani-basaveshwara-nagar-bangalore 
Karama Restaurant,3.9,150,North Indian,Cunningham Road,681,https://www.zomato.com//bangalore/maharaja-military-canteen-donne-biryani-cunningham-road-bangalore 
Taato Peero Momos,3.8,150,Tibetan,Hosur Road,90,https://www.zomato.com//bangalore/bake-and-juice-hosur-road-bangalore 
Shuchi Ruchi,4.1,150,Chinese,Shanti Nagar,86,https://www.zomato.com//bangalore/krishnam-veg-shanti-nagar-bangalore 
The Tasty Planet,4.2,150,Fast Food,BTM,101,https://www.zomato.com//bangalore/eat-n-drink-btm 
Khan Saheb Grills And Rolls,4.1,200,North Indian,Shivajinagar,310,https://www.zomato.com//bangalore/hamza-hotel-shivajinagar-bangalore 
Sardarji Londonwaley,4.2,200,North Indian,Basavanagudi,7,https://www.zomato.com//bangalore/udupi-aatithya-basavanagudi-bangalore 
Singh Da Punjabi Dhaba,4.3,200,North Indian,Frazer Town,96,https://www.zomato.com//bangalore/big-bang-pizza-3-frazer-town-bangalore 
Sreenivasa Brahmins Bakery,3.7,200,Desserts,Koramangala,992,https://www.zomato.com//bangalore/lassi-corner-koramangala-8th-block-bangalore 
Keventers Ice Cream,3.8,200,Desserts,Shanti Nagar,710,https://www.zomato.com//bangalore/faasos-signature-wraps-and-rolls-shanti-nagar-bangalore 
No.10 Fort Cochin,4.0,200,Kerala,Frazer Town,4235,https://www.zomato.com//bangalore/karama-restaurant-frazer-town 
Mainland China,4.5,200,Chinese,Koramangala,630,https://www.zomato.com//bangalore/taato-peero-momos-koramangala-2nd-block-bangalore 
Donne Biriyani Mane,3.7,200,Biryani,Malleshwaram,374,https://www.zomato.com//bangalore/shuchi-ruchi-malleshwaram 
Goila Butter Chicken,4.0,200,North Indian,Richmond Road,520,https://www.zomato.com//bangalore/the-tasty-planet-richmond-road-bangalore 
Pure Veg Meals By LunchBox,3.9,200,North Indian,Commercial Street,928,https://www.zomato.com//bangalore/khan-saheb-grills-and-rolls-commercial-street-bangalore 
Al Taza,3.7,200,Fast Food,Koramangala,733,https://www.zomato.com//bangalore/sardarji-londonwaley-koramangala-7th-block-bangalore 
Donne Biryani Angadi Mane,3.8,200,Biryani,Koramangala,803,https://www.zomato.com//bangalore/singh-da-punjabi-dhaba-koramangala-7th-block-bangalore 
The Lassi Corner,4.4,100,Beverages,Basavanagudi,615,https://www.zomato.com//bangalore/sreenivasa-brahmins-bakery-1-basavanagudi-bangalore 
ITC Aashirvaad Soul Creations,3.6,100,North Indian,Garuda Mall,843,https://www.zomato.com//bangalore/keventers-ice-cream-brigade-road-bangalore 
Milano Ice Cream,4.2,100,Desserts,St. Marks Road,310,https://www.zomato.com//bangalore/no-10-fort-cochin-st-marks-road-bangalore 
Sree Udupi Grand,3.9,100,South Indian,Church Street,2837,https://www.zomato.com//bangalore/mainland-china-church-street 
Rooftop Cafe,4.1,100,Tibetan,Indiranagar,183,https://www.zomato.com//bangalore/donne-biriyani-mane-1-indiranagar 
Gokul Veg,3.9,100,North Indian,Koramangala,919,https://www.zomato.com//bangalore/goila-butter-chicken-koramangala-6th-block-bangalore 
Main Lassi Shop,4.0,100,Beverages,Shanti Nagar,817,https://www.zomato.com//bangalore/pure-veg-meals-by-lunchbox-shanti-nagar-bangalore 
Shawarma On Wheels,4.1,100,Fast Food,Koramangala,41,https://www.zomato.com//bangalore/al-taza-koramangala-1st-block-bangalore 
Chichaba's Taj,3.7,100,North Indian,Sadashiv Nagar,51,https://www.zomato.com//bangalore/donne-biryani-angadi-mane-sadashiv-nagar-bangalore 
PVR Café,3.5,100,Tibetan,Koramangala,732,https://www.zomato.com//bangalore/the-lassi-corner-koramangala-1st-block-bangalore 
Donne Biryani Palace,4.2,100,Biryani,Commercial Street,650,https://www.zomato.com//bangalore/itc-aashirvaad-soul-creations-commercial-street-bangalore 
Rang De Basanti Dhaba,4.3,100,North Indian,Indiranagar,2604,https://www.zomato.com//bangalore/milano-ice-cream-indiranagar 
Ghee Tadka Khichdi,4.1,150,North Indian,Majestic,916,https://www.zomato.com//bangalore/sree-udupi-grand-majestic-bangalore 
No Sugar Please!,3.8,150,Beverages,Jayanagar,919,https://www.zomato.com//bangalore/rooftop-cafe-jayanagar 
Savoury - Sea Shell Restaurant,3.9,150,Arabian,Basavanagudi,430,https://www.zomato.com//bangalore/gokul-veg-basavanagudi 
Udupi Shanthi Sagar,3.7,150,North Indian,Shivajinagar,657,https://www.zomato.com//bangalore/main-lassi-shop-shivajinagar-bangalore 
The Brooklyn Creamery - Healthy Ice Cream,3.9,150,Desserts,Cunningham Road,577,https://www.zomato.com//bangalore/shawarma-on-wheels-cunningham-road-bangalore 
Firangi Bake,4.0,150,Italian,Frazer Town,560,https://www.zomato.com//bangalore/chichabas-taj-frazer-town 
Tomba Kitchens,3.6,150,Chinese,Nexus,647,https://www.zomato.com//bangalore/pvr-café-koramangala-7th-block-bangalore 
The Ganache Factory,3.7,150,Desserts,Jayanagar,19,https://www.zomato.com//bangalore/donne-biryani-palace-1-jayanagar-bangalore 
Le Arabia,4.1,150,North Indian,Domlur,721,https://www.zomato.com//bangalore/rang-de-basanti-dhaba-domlur-bangalore 
Punjab Grill,4.3,150,North Indian,Seshadripuram,630,https://www.zomato.com//bangalore/ghee-tadka-khichdi-seshadripuram-bangalore 
Kouzina Kafe - The Food Court,4.4,150,Tibetan,Hosur Road,853,https://www.zomato.com//bangalore/no-sugar-please-hosur-road-bangalore 
Bangalikhana,4.1,150,Bengali,BTM,463,https://www.zomato.com//bangalore/savoury-sea-shell-restaurant-btm-bangalore 
Dairy Day Ice Creams & Frozen Desserts,4.1,100,Desserts,Frazer Town,12,https://www.zomato.com//bangalore/udupi-shanthi-sagar-frazer-town-bangalore 
Haka,4.3,200,Chinese,Seshadripuram,693,https://www.zomato.com//bangalore/the-brooklyn-creamery-healthy-ice-cream-seshadripuram-bangalore 
Mumbai Xpress,3.3,150,Tibetan,Shanti Nagar,822,https://www.zomato.com//bangalore/firangi-bake-1-shanti-nagar-bangalore 
Sukh Sagar,4.1,200,Chinese,Ejipura,86,https://www.zomato.com//bangalore/tomba-kitchens-ejipura-bangalore 
Lakeview Milkbar,4.0,200,Desserts,Residency Road,872,https://www.zomato.com//bangalore/the-ganache-factory-residency-road-bangalore 
Lavonne,3.4,550,Beverages,Koramangala,13,https://www.zomato.com//bangalore/le-arabia-koramangala-5th-block-bangalore 
Green Chilly,3.7,200,North Indian,Forum Rex Walk,175,https://www.zomato.com//bangalore/punjab-grill-brigade-road-bangalore 
Olio - The Wood Fired Pizzeria,3.1,250,Tibetan,Vasanth Nagar,534,https://www.zomato.com//bangalore/kouzina-kafe-the-food-court-vasanth-nagar-bangalore 
Sultan,4.3,150,Tibetan,Koramangala,450,https://www.zomato.com//bangalore/bangalikhana-koramangala-7th-block-bangalore 
Karavali Family Restaurant,4.2,200,Chinese,Sadashiv Nagar,867,https://www.zomato.com//bangalore/dairy-day-ice-creams-frozen-desserts-sadashiv-nagar-bangalore 
Iyengars Bakery,4.0,150,Desserts,Church Street,961,https://www.zomato.com//bangalore/haka-church-street-bangalore 
Mizo Kitchen,3.7,200,Chinese,Koramangala,243,https://www.zomato.com//bangalore/mumbai-xpress-koramangala-5th-block-bangalore 
OOttupura,4.5,150,Kerala,Majestic,275,https://www.zomato.com//bangalore/sukh-sagar-majestic 
Church Street Social,4.1,150,North Indian,MG Road,1709,https://www.zomato.com//bangalore/lakeview-milkbar-mg-road 
Richie Rich,4.4,150,Desserts,St. Marks Road,226,https://www.zomato.com//bangalore/lavonne-st-marks-road-bangalore 
RS Shiv Sagar,4.3,150,North Indian,Rajajinagar,79,https://www.zomato.com//bangalore/green-chilly-rajajinagar-bangalore 
Cafe Azzure,3.9,150,Beverages,Koramangala,591,https://www.zomato.com//bangalore/olio-the-wood-fired-pizzeria-koramangala-6th-block-bangalore 
Tapri By The Corner,3.6,150,North Indian,BTM,3,https://www.zomato.com//bangalore/sultan-btm-bangalore 
Dawat Durbar,4.1,150,North Indian,Brigade Road,31,https://www.zomato.com//bangalore/karavali-family-restaurant-brigade-road-bangalore 
Nirula's,4.4,150,Desserts,Lavelle Road,596,https://www.zomato.com//bangalore/iyengars-bakery-2-lavelle-road-bangalore 
Carols Pastries & Bakers,4.3,150,Desserts,Koramangala,102,https://www.zomato.com//bangalore/mizo-kitchen-koramangala-5th-block-bangalore 
Express By ABs,4.3,150,North Indian,BTM,22,https://www.zomato.com//bangalore/oottupura-btm-bangalore 
Juice Junction,4.2,150,Beverages,Church Street,8068,https://www.zomato.com//ChurchStreetSocial 
SGS Non Veg - Gundu Pulav,4.2,150,South Indian,Race Course Road,763,https://www.zomato.com//bangalore/richie-rich-race-course-road-bangalore 
Rolls & Bowls Company,3.6,250,Tibetan,MG Road,349,https://www.zomato.com//bangalore/rs-shiv-sagar-mg-road 
Shyam Mishra Juice Centre,4.5,250,Beverages,MG Road,4741,https://www.zomato.com//bangalore/cafe-azzure-mg-road 
Suryawanshi,3.8,250,North Indian,Koramangala,179,https://www.zomato.com//bangalore/tapri-by-the-corner-koramangala-5th-block 
SLV Corner Restaurant,3.9,250,South Indian,Shivajinagar,815,https://www.zomato.com//bangalore/dawat-durbar-shivajinagar-bangalore 
Taste Of Tibet,3.6,250,Chinese,Vasanth Nagar,866,https://www.zomato.com//bangalore/nirulas-1-vasanth-nagar-bangalore 
Hotel Revoli Inn,4.4,250,Chinese,Vasanth Nagar,685,https://www.zomato.com//bangalore/carols-pastries-bakers-vasanth-nagar-bangalore 
FNP Cakes By Ferns N Petals,4.1,250,Desserts,Koramangala,647,https://www.zomato.com//bangalore/express-by-abs-koramangala-5th-block-bangalore 
ZAZA Mughal Biryani,4.1,250,Biryani,Basavanagudi,58,https://www.zomato.com//bangalore/juice-junction-1-basavanagudi-bangalore 
Rahhams,4.7,250,Biryani,City Market,242,https://www.zomato.com//bangalore/sgs-non-veg-gundu-pulav-city-market-bangalore 
The Bangalore Creamery,3.8,250,Desserts,Hosur Road,689,https://www.zomato.com//bangalore/rolls-bowls-company-hosur-road-bangalore 
Sheesh Kebab,4.2,250,Chinese,Majestic,840,https://www.zomato.com//bangalore/shyam-mishra-juice-centre-majestic-bangalore 
Smoky Docky,3.9,250,Tibetan,Indiranagar,631,https://www.zomato.com//bangalore/suryawanshi-indiranagar 
Giani Ice Creams,4.2,100,Desserts,Basavanagudi,471,https://www.zomato.com//bangalore/slv-corner-restaurant-basavanagudi 
Santhanam Sweets & Savouries,4.0,100,Sweets,Brigade Road,430,https://www.zomato.com//bangalore/taste-of-tibet-brigade-road 
Veena Stores,4.1,100,South Indian,Shanti Nagar,65,https://www.zomato.com//bangalore/hotel-revoli-inn-shanti-nagar-bangalore 
Ovenfresh Cakes and Desserts,4.0,100,Desserts,Koramangala,964,https://www.zomato.com//bangalore/fnp-cakes-by-ferns-n-petals-koramangala-3rd-block-bangalore 
Gullu's Chat,3.4,100,Tibetan,Shanti Nagar,770,https://www.zomato.com//bangalore/zaza-mughal-biryani-shanti-nagar-bangalore 
The Pastry House,4.1,100,Desserts,Frazer Town,1059,https://www.zomato.com//bangalore/rahhams-frazer-town-bangalore 
Simpli Namdhari's,4.0,100,Asian,Indiranagar,517,https://www.zomato.com//bangalore/the-bangalore-creamery-indiranagar-bangalore 
Ghee And Turmeric,3.8,100,North Indian,Frazer Town,201,https://www.zomato.com//bangalore/sheesh-kebab-frazer-town-bangalore 
Marwadi Chaat & Tiffin Services,4.2,100,North Indian,Koramangala,538,https://www.zomato.com//bangalore/smoky-docky-1-koramangala-5th-block-bangalore 
Elixir - Luxury Pearls Drink,4.1,100,Beverages,Koramangala,14,https://www.zomato.com//bangalore/giani-ice-creams-koramangala-5th-block-bangalore 
Iceberg Organic Icecreams,4.4,100,Desserts,Commercial Street,868,https://www.zomato.com//bangalore/santhanam-sweets-savouries-commercial-street-bangalore 
Prezzed Juicery,4.4,100,Mexican,Malleshwaram,44,https://www.zomato.com//bangalore/veena-stores-malleshwaram 
Nasi And Mee,4.3,500,Asian,Koramangala,603,https://www.zomato.com//bangalore/ovenfresh-cakes-and-desserts-koramangala-6th-block-bangalore 
Happy Belly Bakes,3.9,500,Desserts,Seshadripuram,590,https://www.zomato.com//bangalore/gullus-chat-seshadripuram 
Burger It Up,4.0,500,Tibetan,Wilson Garden,572,https://www.zomato.com//bangalore/the-pastry-house-wilson-garden-bangalore 
Hotel Navayuga,4.0,500,Andhra,Brigade Road,634,https://www.zomato.com//bangalore/simpli-namdharis-1-brigade-road-bangalore 
HRX by EatFit,3.8,500,Mexican,Cunningham Road,736,https://www.zomato.com//bangalore/ghee-and-turmeric-cunningham-road-bangalore 
Occasions,3.8,500,Desserts,Shanti Nagar,105,https://www.zomato.com//bangalore/marwadi-chaat-tiffin-services-shanti-nagar-bangalore 
Khaomomo,4.3,500,Tibetan,Koramangala,10,https://www.zomato.com//bangalore/elixir-luxury-pearls-drink-koramangala-7th-block-bangalore 
The Sip Shop,3.8,500,Fast Food,Koramangala,500,https://www.zomato.com//bangalore/iceberg-organic-icecreams-koramangala-6th-block-bangalore 
Nagarjuna Chimney,4.3,500,Andhra,Old Airport Road,643,https://www.zomato.com//bangalore/prezzed-juicery-airport-road-bangalore 
Restaurant 1179,4.3,500,North Indian,Koramangala,3044,https://www.zomato.com//bangalore/nasi-and-mee-koramangala-4th-block 
Living Bowls,4.5,500,Arabian,MG Road,214,https://www.zomato.com//bangalore/happy-belly-bakes-mg-road 
Sri Sai Cafe,3.0,500,South Indian,Vasanth Nagar,763,https://www.zomato.com//bangalore/burger-it-up-vasanth-nagar-bangalore 
ATH - All Things Healthy!,4.3,200,Arabian,Majestic,293,https://www.zomato.com//bangalore/hotel-navayuga-majestic 
Chai Days,4.3,200,Beverages,Cunningham Road,996,https://www.zomato.com//bangalore/hrx-by-eatfit-cunningham-road-bangalore 
Fiero! Pizzeria,4.1,200,Fast Food,Koramangala,227,https://www.zomato.com//bangalore/occasions-koramangala-4th-block 
Pai Vihar,4.2,200,South Indian,Domlur,648,https://www.zomato.com//bangalore/khaomomo-domlur-bangalore 
Karnataka State Co-Operative Fisheries Federation Mysore,4.1,200,North Indian,City Market,43,https://www.zomato.com//bangalore/the-sip-shop-city-market-bangalore 
Dil Punjabi,4.3,200,North Indian,Jayanagar,1127,https://www.zomato.com//bangalore/nagarjuna-chimney-jayanagar 
Tenzin Kitchen,3.7,200,Tibetan,Seshadripuram,3,https://www.zomato.com//bangalore/restaurant-1179-seshadripuram-bangalore 
Boba Tree,3.7,200,Beverages,Koramangala,838,https://www.zomato.com//bangalore/living-bowls-koramangala-7th-block-bangalore 
Paratha Box - Desi Punjabi Meals,4.2,200,North Indian,Basavanagudi,21,https://www.zomato.com//bangalore/sri-sai-cafe-basavanagudi-bangalore 
Shawarma Grill House,3.9,200,Chinese,Domlur,641,https://www.zomato.com//bangalore/ath-all-things-healthy-domlur-bangalore 
Cafe Noir,4.2,200,Italian,Koramangala,54,https://www.zomato.com//bangalore/chai-days-koramangala-5th-block-bangalore 
Taaka Chinese,3.8,200,Chinese,Koramangala,286,https://www.zomato.com//bangalore/fiero-pizzeria-koramangala-6th-block-bangalore 
NH8,4.2,150,North Indian,City Market,56,https://www.zomato.com//bangalore/pai-vihar-city-market 
Plan B,4.2,150,Fast Food,Jayanagar,742,https://www.zomato.com//bangalore/karnataka-state-co-operative-fisheries-federation-mysore-jayanagar-bangalore 
Tibetan Mother's Kitchen,3.6,150,Tibetan,Koramangala,938,https://www.zomato.com//bangalore/dil-punjabi-koramangala-6th-block-bangalore 
Salt - Indian Restaurant Bar & Grill,4.1,150,North Indian,Koramangala,620,https://www.zomato.com//bangalore/tenzin-kitchen-koramangala-7th-block 
Peetuk,4.0,150,Bengali,Indiranagar,51,https://www.zomato.com//bangalore/boba-tree-1-indiranagar-bangalore 
Prakriti Delux,4.1,150,North Indian,Vasanth Nagar,744,https://www.zomato.com//bangalore/paratha-box-desi-punjabi-meals-vasanth-nagar-bangalore 
Smoke House Deli,4.0,150,Italian,Rajajinagar,74,https://www.zomato.com//bangalore/shawarma-grill-house-rajajinagar-bangalore 
Taiki,4.4,150,Chinese,UB City,3016,https://www.zomato.com//bangalore/cafe-noir-lavelle-road 
Maggi Mane,4.1,150,Fast Food,Richmond Town,946,https://www.zomato.com//bangalore/taaka-chinese-richmond-town-bangalore 
Chakum Chukum,3.8,150,Fast Food,Indiranagar,3660,https://www.zomato.com//bangalore/nh8-indiranagar 
Aramane Donne Biriyani,4.3,150,Biryani,Brigade Road,4732,https://www.zomato.com//bangalore/plan-b-brigade-road 
Bengaluru Donne Biriyani Katte,4.0,150,South Indian,Koramangala,1036,https://www.zomato.com//bangalore/tibetan-mothers-kitchen-koramangala-7th-block 
S M V Snacks Corner,3.9,100,Fast Food,UB City,162,https://www.zomato.com//bangalore/salt-indian-restaurant-bar-grill-lavelle-road-bangalore 
Odia Khaiba,3.9,100,North Indian,Domlur,695,https://www.zomato.com//bangalore/peetuk-domlur-bangalore 
Green Cravings,4.0,100,Arabian,Rajajinagar,122,https://www.zomato.com//bangalore/prakriti-delux-rajajinagar-bangalore 
Mr. Chow,4.2,100,Fast Food,Lavelle Road,3142,https://www.zomato.com//SmokeHouseDeli-LavelleRoad 
The Chatpata Affair,3.9,100,Street Food,Jayanagar,798,https://www.zomato.com//bangalore/taiki-jayanagar-bangalore 
Venus Biryani,4.1,100,Biryani,Majestic,17,https://www.zomato.com//bangalore/maggi-mane-majestic-bangalore 
1522 - The Pub,4.1,100,Arabian,Indiranagar,190,https://www.zomato.com//bangalore/chakum-chukum-indiranagar-bangalore 
Lassi Shop,3.9,100,Beverages,Koramangala,24,https://www.zomato.com//bangalore/aramane-donne-biriyani-koramangala-8th-block-bangalore 
Cupcake Noggins,4.1,100,Desserts,Majestic,5,https://www.zomato.com//bangalore/bengaluru-donne-biriyani-katte-majestic-bangalore 
Little Italy,4.1,100,Italian,Basavanagudi,528,https://www.zomato.com//bangalore/s-m-v-snacks-corner-basavanagudi 
Yak's Kitchen,3.6,100,Tibetan,Old Airport Road,23,https://www.zomato.com//bangalore/odia-khaiba-airport-road-bangalore 
Taste Of Malabar,3.9,100,Kerala,Richmond Road,504,https://www.zomato.com//bangalore/green-cravings-richmond-road-bangalore 
Green Onion,4.0,200,Chinese,Ulsoor,522,https://www.zomato.com//bangalore/mr-chow-ulsoor-bangalore 
Drunken Monkey,3.2,200,Beverages,Koramangala,819,https://www.zomato.com//bangalore/the-chatpata-affair-koramangala-5th-block-bangalore 
Sri Krishna Sweets,3.8,200,Sweets,Domlur,147,https://www.zomato.com//bangalore/venus-biryani-domlur 
The Tea Brewery,3.7,200,Arabian,Residency Road,225,https://www.zomato.com//bangalore/1522-the-pub-residency-road-bangalore 
Rajasthani Dhaba,3.3,200,North Indian,Frazer Town,26,https://www.zomato.com//bangalore/lassi-shop-3-frazer-town-bangalore 
Piazza Pizza By Little Italy,3.6,200,Fast Food,Domlur,845,https://www.zomato.com//bangalore/cupcake-noggins-domlur-bangalore 
Boss Burger,3.7,200,Fast Food,Indiranagar,3813,https://www.zomato.com//bangalore/little-italy-indiranagar 
Happy Platter,4.2,200,Chinese,Shanti Nagar,206,https://www.zomato.com//bangalore/yaks-kitchen-shanti-nagar-bangalore 
Khalifa Restaurant,4.0,200,Fast Food,BTM,830,https://www.zomato.com//bangalore/taste-of-malabar-btm-bangalore 
Karachi Bakery,4.2,200,Fast Food,Residency Road,1377,https://www.zomato.com//bangalore/green-onion-residency-road 
Burgerama,4.0,200,Fast Food,Vasanth Nagar,838,https://www.zomato.com//bangalore/drunken-monkey-vasanth-nagar-bangalore 
Shawarma 21,4.4,200,Fast Food,Malleshwaram,724,https://www.zomato.com//bangalore/sri-krishna-sweets-malleshwaram 
Itminaan Matka Biryani - Slow Cooked,4.4,400,Biryani,Koramangala,596,https://www.zomato.com//bangalore/the-tea-brewery-2-koramangala-1st-block-bangalore 
PizzaExpress,3.7,400,Fast Food,Shanti Nagar,33,https://www.zomato.com//bangalore/rajasthani-dhaba-shanti-nagar-bangalore 
Savitha Family Restaurant,3.5,400,North Indian,Indiranagar,668,https://www.zomato.com//bangalore/piazza-pizza-by-little-italy-indiranagar-bangalore 
Chinese Square,3.9,400,Chinese,Lavelle Road,781,https://www.zomato.com//bangalore/boss-burger-lavelle-road-bangalore 
New Punjabi Hotel,3.9,400,North Indian,Rajajinagar,118,https://www.zomato.com//bangalore/happy-platter-rajajinagar-bangalore 
Kabab Biryani Corner,3.6,400,Fast Food,Frazer Town,29,https://www.zomato.com//bangalore/khalifa-restaurant-frazer-town-bangalore 
Kartik's Mithai Shoppe,4.1,400,Sweets,Indiranagar,157,https://www.zomato.com//bangalore/karachi-bakery-1-indiranagar-bangalore 
Pizza House,4.2,400,Fast Food,Indiranagar,872,https://www.zomato.com//bangalore/burgerama-indiranagar-bangalore 
Raghavendra Tiffin,4.1,400,Chinese,Rajajinagar,10,https://www.zomato.com//bangalore/shawarma-21-rajajinagar-bangalore 
Chung's Chinese Corner,3.9,400,Chinese,Shanti Nagar,729,https://www.zomato.com//bangalore/itminaan-matka-biryani-slow-cooked-shanti-nagar-bangalore 
Lassi Town,3.8,400,Desserts,Koramangala,39,https://www.zomato.com//bangalore/pizzaexpress-koramangala-5th-block-bangalore 
Hatti Kaapi,3.6,400,Beverages,Koramangala,291,https://www.zomato.com//bangalore/savitha-family-restaurant-koramangala-4th-block 
Bob's Bar,4.0,200,South Indian,Basavanagudi,95,https://www.zomato.com//bangalore/chinese-square-basavanagudi-bangalore 
Bhagathram Sweets,3.5,200,Sweets,BTM,178,https://www.zomato.com//bangalore/new-punjabi-hotel-btm 
Rosy Roti,3.6,200,North Indian,Richmond Road,46,https://www.zomato.com//bangalore/kabab-biryani-corner-richmond-road-bangalore 
Sri Maruthi Gowda's Military Hotel,3.9,200,South Indian,Indiranagar,136,https://www.zomato.com//bangalore/kartiks-mithai-shoppe-indiranagar 
Havmor Havfunn Ice Cream,3.9,200,Desserts,Frazer Town,4,https://www.zomato.com//bangalore/pizza-house-frazer-town-bangalore 
Sri Maruthi Miltry Hotel,3.9,200,South Indian,Koramangala,10,https://www.zomato.com//bangalore/raghavendra-tiffin-koramangala-1st-block-bangalore 
Hive Honey Cake,4.1,200,Desserts,Cunningham Road,245,https://www.zomato.com//bangalore/chungs-chinese-corner-cunningham-road 
Blue Tokai Coffee Roasters,4.3,200,Beverages,Shivajinagar,524,https://www.zomato.com//bangalore/lassi-town-shivajinagar-bangalore 
Burnout Cafe,3.3,200,Beverages,Indiranagar,58,https://www.zomato.com//bangalore/hatti-kaapi-indiranagar-bangalore 
Delhi Food Point,4.0,200,North Indian,Koramangala,600,https://www.zomato.com//bangalore/bobs-bar-koramangala-7th-block-bangalore 
Cafe Hideout,3.6,200,Beverages,Commercial Street,274,https://www.zomato.com//bangalore/bhagathram-sweets-commercial-street-bangalore 
Hotel Green Tara,4.1,200,Chinese,Domlur,791,https://www.zomato.com//bangalore/rosy-roti-domlur-bangalore 
Uttara Karnataka Jolada Rotti Mattu Chapati Angadi,4.3,100,South Indian,Majestic,4,https://www.zomato.com//bangalore/sri-maruthi-gowdas-military-hotel-majestic-bangalore 
BigBites,4.4,100,Fast Food,Seshadripuram,23,https://www.zomato.com//bangalore/havmor-havfunn-ice-cream-seshadripuram-bangalore 
Nammur Donne Biryani,3.7,100,Biryani,Rajajinagar,145,https://www.zomato.com//bangalore/sri-maruthi-miltry-hotel-rajajinagar 
Sagar Fast Food,4.0,100,South Indian,Domlur,851,https://www.zomato.com//bangalore/hive-honey-cake-domlur-bangalore 
Halli Mane Donne Biriyani,4.2,100,North Indian,Infantry Road,48,https://www.zomato.com//bangalore/blue-tokai-coffee-roasters-infantry-road-bangalore 
Banchharam's,3.7,100,Sweets,Infantry Road,297,https://www.zomato.com//bangalore/burnout-cafe-infantry-road-bangalore 
The Salad Studio,3.5,100,Arabian,Koramangala,525,https://www.zomato.com//bangalore/delhi-food-point-koramangala-1st-block 
The Chaat Cult,3.8,100,Street Food,Koramangala,197,https://www.zomato.com//bangalore/cafe-hideout-koramangala-6th-block-bangalore 
Hotel Sanman,4.1,100,South Indian,Brigade Road,74,https://www.zomato.com//bangalore/hotel-green-tara-brigade-road 
Pablo's Sandwiches,4.1,100,Arabian,Basavanagudi,22,https://www.zomato.com//bangalore/uttara-karnataka-jolada-rotti-mattu-chapati-angadi-basavanagudi-bangalore 
Slay Coffee Bar,3.9,100,Beverages,Seshadripuram,858,https://www.zomato.com//bangalore/bigbites-seshadripuram-bangalore 
Falhari - A Fruitful Habit,4.1,100,Arabian,Frazer Town,864,https://www.zomato.com//bangalore/nammur-donne-biryani-frazer-town-bangalore 
Just Cakes,4.2,100,Desserts,Koramangala,195,https://www.zomato.com//bangalore/sagar-fast-food-koramangala-8th-block 
Donne Biryani Adda,4.1,100,Biryani,Rajajinagar,157,https://www.zomato.com//bangalore/halli-mane-donne-biriyani-rajajinagar-bangalore 
Amma's  Pastries,4.0,100,Desserts,Ulsoor,654,https://www.zomato.com//bangalore/banchharams-ulsoor-bangalore 
Tamilian Lunch House - Since 1973,4.3,100,South Indian,Indiranagar,9,https://www.zomato.com//bangalore/the-salad-studio-indiranagar-bangalore 
Koriken,3.5,100,Desserts,Basavanagudi,516,https://www.zomato.com//bangalore/the-chaat-cult-basavanagudi-bangalore 
Ajji Ruchi Kitchen,4.3,100,Andhra,Basavanagudi,12,https://www.zomato.com//bangalore/hotel-sanman-basavanagudi-bangalore 
Slurpy Shakes,4.2,100,Desserts,Koramangala,967,https://www.zomato.com//bangalore/pablos-sandwiches-koramangala-7th-block-bangalore 
Tiwari's Ghee Paratha And Chaats,4.1,100,North Indian,St. Marks Road,26,https://www.zomato.com//bangalore/slay-coffee-bar-st-marks-road-bangalore 
DA Ying Yang Cuisines,4.0,100,Chinese,Hosur Road,888,https://www.zomato.com//bangalore/falhari-a-fruitful-habit-hosur-road-bangalore 
Just Sandwiches,3.4,100,Fast Food,BTM,5,https://www.zomato.com//bangalore/just-cakes-1-btm-bangalore 
Punjabi Dhaba,3.3,100,North Indian,Indiranagar,618,https://www.zomato.com//bangalore/donne-biryani-adda-indiranagar-bangalore 
Himadri Ice Cream,3.8,100,Desserts,Koramangala,974,https://www.zomato.com//bangalore/ammas-pastries-1-koramangala-7th-block-bangalore 
Sundae Everyday Ice Creams,4.1,200,Desserts,Koramangala,800,https://www.zomato.com//bangalore/tamilian-lunch-house-since-1973-koramangala-1st-block-bangalore 
The Red Box,4.0,200,Chinese,Frazer Town,12,https://www.zomato.com//bangalore/koriken-2-frazer-town-bangalore 
The Purple Pan,4.2,200,North Indian,Koramangala,854,https://www.zomato.com//bangalore/ajji-ruchi-kitchen-1-koramangala-8th-block-bangalore 
Malabar Cafe,3.5,200,Kerala,Vasanth Nagar,662,https://www.zomato.com//bangalore/slurpy-shakes-vasanth-nagar-bangalore 
Kabab Korner,3.8,200,North Indian,Basavanagudi,4,https://www.zomato.com//bangalore/tiwaris-ghee-paratha-and-chaats-basavanagudi-bangalore 
Candy Cloud Factory,4.1,200,Desserts,Vasanth Nagar,20,https://www.zomato.com//bangalore/da-ying-yang-cuisines-vasanth-nagar-bangalore 
Tea Time,3.9,200,Andhra,BTM,44,https://www.zomato.com//bangalore/just-sandwiches-btm 
The Bengal Club,4.1,200,Bengali,Majestic,99,https://www.zomato.com//bangalore/punjabi-dhaba-majestic 
Sinful Desserts,3.3,200,Beverages,Majestic,762,https://www.zomato.com//bangalore/himadri-ice-cream-majestic-bangalore 
Hotel Chandrika,3.0,200,South Indian,Vasanth Nagar,500,https://www.zomato.com//bangalore/sundae-everyday-ice-creams-vasanth-nagar-bangalore 
Oru Vadakkan Cafe,3.5,200,Kerala,Indiranagar,733,https://www.zomato.com//bangalore/the-red-box-indiranagar-bangalore 
Mystique Palate,4.1,200,Chinese,Rajajinagar,422,https://www.zomato.com//thepurplepan 
Ambur Dum Biryani,3.7,200,Biryani,Koramangala,17,https://www.zomato.com//bangalore/malabar-cafe-koramangala-7th-block-bangalore 
China Pearl,4.1,200,Chinese,St. Marks Road,228,https://www.zomato.com//bangalore/kabab-korner-st-marks-road 
Tandoori Taal,3.4,200,North Indian,Basavanagudi,717,https://www.zomato.com//bangalore/candy-cloud-factory-basavanagudi-bangalore 
Axomi - Taste of Assam,4.1,200,North Indian,Basaveshwara Nagar,19,https://www.zomato.com//bangalore/tea-time-basaveshwara-nagar-bangalore 
Gourmet Ice Cream Cakes By Baskin Robbins,3.7,200,Desserts,Domlur,615,https://www.zomato.com//bangalore/the-bengal-club-domlur-bangalore 
Street Foods By Punjab Grill,4.2,200,North Indian,Domlur,3,https://www.zomato.com//bangalore/sinful-desserts-domlur-bangalore 
Mr Momo,4.2,200,Fast Food,Cunningham Road,242,https://www.zomato.com//bangalore/hotel-chandrika-cunningham-road-bangalore 
Maedah,4.0,200,North Indian,Koramangala,78,https://www.zomato.com//bangalore/oru-vadakkan-cafe-koramangala-5th-block-bangalore 
MISU,4.2,200,Asian,Jayanagar,284,https://www.zomato.com//bangalore/mystique-palate-jayanagar 
New Kadai Family Restaurant,3.9,200,Chinese,Indiranagar,961,https://www.zomato.com//bangalore/ambur-dum-biryani-indiranagar-bangalore 
Bamey's Restro Cafe,4.2,200,Asian,Koramangala,1996,https://www.zomato.com//bangalore/china-pearl-koramangala-6th-block 
Lubov Patisserie,4.2,200,Desserts,Prestige Trade Tower,110,https://www.zomato.com//bangalore/tandoori-taal-race-course-road-bangalore 
Bangarpet Chats,4.2,100,Street Food,Koramangala,697,https://www.zomato.com//bangalore/axomi-taste-of-assam-koramangala-7th-block 
Potful - Claypot Biryanis,4.0,100,Biryani,Garuda Mall,868,https://www.zomato.com//bangalore/gourmet-ice-cream-cakes-by-baskin-robbins-brigade-road-bangalore 
Szechuan Dragon,3.6,100,Chinese,Mantri Square,16,https://www.zomato.com//bangalore/street-foods-by-punjab-grill-malleshwaram-bangalore 
Hyderabad Biryani Hotel,4.1,100,North Indian,Ulsoor,821,https://www.zomato.com//bangalore/mr-momo-ulsoor-bangalore 
Apna Dhaba,3.4,100,North Indian,Koramangala,783,https://www.zomato.com//bangalore/maedah-koramangala-8th-block-bangalore 
Twiststick House,4.2,100,Chinese,St. Marks Road,2795,https://www.zomato.com//bangalore/misu-st-marks-road-bangalore 
Hotel Dwarka,3.9,100,South Indian,RT Nagar,11,https://www.zomato.com//bangalore/new-kadai-family-restaurant-rt-nagar-bangalore 
Shrinidhi Military Hotel,4.3,100,South Indian,Koramangala,1527,https://www.zomato.com//bameys 
Shanthala Icecreams,4.3,100,Desserts,Domlur,697,https://www.zomato.com//bangalore/lubov-patisserie-domlur-bangalore 
Malabar Bay,3.7,100,North Indian,Jayanagar,553,https://www.zomato.com//bangalore/bangarpet-chats-1-jayanagar-bangalore 
Kedias Fun Food,4.3,100,North Indian,Thippasandra,994,https://www.zomato.com//bangalore/potful-claypot-biryanis-thippasandra-bangalore 
Lazeez,4.1,100,North Indian,Banashankari,2017,https://www.zomato.com//bangalore/szechuan-dragon-banashankari 
Casa Fresco By Tea Brew,4.2,200,Beverages,Malleshwaram,455,https://www.zomato.com//bangalore/hyderabad-biryani-hotel-malleshwaram-bangalore 
Bangarapet Bhel House,4.1,200,Street Food,Basavanagudi,34,https://www.zomato.com//bangalore/apna-dhaba-basavanagudi-bangalore 
Tibb's Frankie - Serving Rolls Since 1969,3.8,200,Fast Food,Basavanagudi,203,https://www.zomato.com//bangalore/twiststick-house-basavanagudi-bangalore 
Shree Ganesh Fruits Juice,4.3,200,Beverages,Basavanagudi,325,https://www.zomato.com//bangalore/hotel-dwarka-basavanagudi 
Sai Cafe Veg,3.8,200,Street Food,Basavanagudi,44,https://www.zomato.com//bangalore/shrinidhi-military-hotel-basavanagudi 
Grub Monkeys,4.3,200,Andhra,Rajajinagar,870,https://www.zomato.com//bangalore/shanthala-icecreams-rajajinagar 
Food Adda,3.5,200,Andhra,BTM,1712,https://www.zomato.com//bangalore/malabar-bay-btm 
Al Zaitoon,4.2,200,Chinese,Jayanagar,4,https://www.zomato.com//bangalore/kedias-fun-food-jayanagar-bangalore 
Oh! Calcutta,3.9,200,Bengali,Koramangala,909,https://www.zomato.com//bangalore/lazeez-koramangala-5th-block 
La Heaven,3.9,200,Desserts,Indiranagar,1774,https://www.zomato.com//bangalore/casa-fresco-by-tea-brew-indiranagar-bangalore 
Basco And Fry,4.1,200,Mexican,Basavanagudi,896,https://www.zomato.com//bangalore/bangarapet-bhel-house-basavanagudi-bangalore 
Chikpet Donne Biriyani House,3.7,200,South Indian,Shivajinagar,603,https://www.zomato.com//bangalore/tibbs-frankie-serving-rolls-since-1969-shivajinagar-bangalore 
Swaad Kutirra,3.7,100,South Indian,Rajajinagar,2,https://www.zomato.com//bangalore/shree-ganesh-fruits-juice-rajajinagar-bangalore 
Grill Daddy,3.8,100,Italian,Malleshwaram,64,https://www.zomato.com//bangalore/sai-cafe-veg-malleshwaram-bangalore 
Qissa,4.0,100,Arabian,Koramangala,19,https://www.zomato.com//bangalore/grub-monkeys-koramangala-7th-block-bangalore 
Gudbud,3.6,100,Desserts,Basavanagudi,123,https://www.zomato.com//bangalore/food-adda-basavanagudi-bangalore 
Punjabi Dhaba,3.3,100,North Indian,Richmond Road,6,https://www.zomato.com//bangalore/al-zaitoon-richmond-road-bangalore 
Sikandar Rolls,4.2,100,Fast Food,Church Street,1874,https://www.zomato.com//bangalore/oh-calcutta-church-street-bangalore 
Cookie Man,4.1,100,Desserts,Frazer Town,634,https://www.zomato.com//bangalore/la-heaven-frazer-town-bangalore 
The Baklava Company,4.3,100,Sweets,Indiranagar,547,https://www.zomato.com//bangalore/basco-and-fry-indiranagar-bangalore 
Nomad Pizza - Traveller Series,3.9,100,Fast Food,Seshadripuram,6,https://www.zomato.com//bangalore/chikpet-donne-biriyani-house-seshadripuram-bangalore 
Kerala Mess,3.3,100,North Indian,Basavanagudi,2,https://www.zomato.com//bangalore/swaad-kutirra-6-basavanagudi-bangalore 
Chikkanna Tiffin Room,4.2,100,South Indian,Koramangala,771,https://www.zomato.com//bangalore/grill-daddy-koramangala-1st-block-bangalore 
Go Native,4.1,100,Fast Food,Indiranagar,97,https://www.zomato.com//bangalore/qissa-indiranagar-bangalore 
Mega Biryani,4.2,200,Biryani,Ejipura,209,https://www.zomato.com//bangalore/gudbud-ejipura-bangalore 
Sri Udupi Utsav,3.6,200,South Indian,Indiranagar,13,https://www.zomato.com//bangalore/punjabi-dhaba-indiranagar-bangalore 
Lucky Chan - Dimsum & Sushi Parlour,4.3,200,Chinese,MG Road,673,https://www.zomato.com//bangalore/sikandar-rolls-mg-road-bangalore 
Sahukar Biryani - Biryani Royal,3.9,200,Biryani,Garuda Mall,832,https://www.zomato.com//bangalore/cookie-man-brigade-road 
Iyengars Bakery,4.1,200,Desserts,MG Road,983,https://www.zomato.com//bangalore/the-baklava-company-mg-road-bangalore 
Kebapci,4.0,200,Desserts,Indiranagar,931,https://www.zomato.com//bangalore/nomad-pizza-traveller-series-indiranagar-bangalore 
Bite Me Cupcakes,3.4,200,Desserts,Indiranagar,988,https://www.zomato.com//bangalore/kerala-mess-indiranagar-bangalore 
Tasty Tango,4.3,200,Fast Food,Seshadripuram,166,https://www.zomato.com//bangalore/chikkanna-tiffin-room-seshadripuram-bangalore 
Mini Samrat Chalukya,4.0,200,South Indian,Lavelle Road,298,https://www.zomato.com//bangalore/go-native-1-lavelle-road-bangalore 
Cold Stone Creamery,4.0,200,Desserts,Frazer Town,976,https://www.zomato.com//bangalore/mega-biryani-frazer-town-bangalore 
SLAY Coffee,3.9,200,Beverages,Koramangala,969,https://www.zomato.com//bangalore/sri-udupi-utsav-koramangala-8th-block-bangalore 
Lakshmi Juice Centre,4.2,200,Beverages,Indiranagar,1585,https://www.zomato.com//bangalore/lucky-chan-dimsum-sushi-parlour-indiranagar-bangalore 
Fresh Bites,4.1,150,North Indian,Koramangala,809,https://www.zomato.com//bangalore/sahukar-biryani-biryani-royal-koramangala-1st-block-bangalore 
Rajhans,4.4,150,North Indian,Richmond Road,906,https://www.zomato.com//bangalore/iyengars-bakery-1-richmond-road-bangalore 
Kaippunnyam Restaurant,4.2,150,Kerala,Koramangala,841,https://www.zomato.com//bangalore/kebapci-koramangala-6th-block-bangalore 
Labonel Fine Baking,3.9,150,Desserts,Old Airport Road,190,https://www.zomato.com//bangalore/bite-me-cupcakes-airport-road-bangalore 
North Indian Bhukkads - NIB,4.0,150,North Indian,BTM,4,https://www.zomato.com//bangalore/tasty-tango-btm-bangalore 
Karnataka Biriyani Point,4.0,150,Biryani,Vasanth Nagar,25,https://www.zomato.com//bangalore/mini-samrat-chalukya-vasanth-nagar-bangalore 
Fabelle Chocolates - ITC Gardenia,4.1,150,Desserts,Rajajinagar,61,https://www.zomato.com//bangalore/cold-stone-creamery-rajajinagar-bangalore 
Sonar Bangala,4.2,150,Bengali,Basavanagudi,913,https://www.zomato.com//bangalore/slay-coffee-basavanagudi-bangalore 
Go Naati,4.2,150,South Indian,Seshadripuram,868,https://www.zomato.com//bangalore/lakshmi-juice-centre-1-seshadripuram-bangalore 
Irani Std Tea,3.7,150,Fast Food,Indiranagar,531,https://www.zomato.com//bangalore/fresh-bites-indiranagar-bangalore 
Bangalore Mandarin,3.7,150,Chinese,St. Marks Road,114,https://www.zomato.com//bangalore/rajhans-st-marks-road-bangalore 
Dolci Desserts,4.1,150,Fast Food,Brigade Road,982,https://www.zomato.com//bangalore/kaippunnyam-restaurant-1-brigade-road-bangalore 
Cane Hut,4.0,100,Fast Food,Prestige Trade Tower,5,https://www.zomato.com//bangalore/labonel-fine-baking-sadashiv-nagar-bangalore 
New Ambur Biryani Point,3.8,100,North Indian,Koramangala,867,https://www.zomato.com//bangalore/north-indian-bhukkads-nib-koramangala-1st-block-bangalore 
Snacks Corner,4.3,100,Chinese,Malleshwaram,914,https://www.zomato.com//bangalore/karnataka-biriyani-point-malleshwaram-bangalore 
Shahi Family Restaurant,3.8,100,Biryani,ITC Gardenia,296,https://www.zomato.com//bangalore/fabelle-chocolates-itc-gardenia-richmond-road-bangalore 
Magic Pizza Corner,3.9,100,Fast Food,Koramangala,110,https://www.zomato.com//bangalore/sonar-bangala-koramangala-5th-block-bangalore 
Zed The Baker,4.0,100,Desserts,Rajajinagar,24,https://www.zomato.com//bangalore/go-naati-rajajinagar-bangalore 
Fresh In A Flash,4.0,100,Fast Food,Indiranagar,671,https://www.zomato.com//bangalore/irani-std-tea-indiranagar-bangalore 
New Alameen Restaurant,4.1,100,Biryani,Indiranagar,1101,https://www.zomato.com//bangalore/bangalore-mandarin-1-indiranagar 
Hotel Shangrila,4.4,100,Chinese,Cunningham Road,1019,https://www.zomato.com//bangalore/dolci-desserts-cunningham-road 
Shyam Mishra Juice Centre,3.2,100,Desserts,BTM,516,https://www.zomato.com//bangalore/cane-hut-btm-bangalore 
New Taj Biriyani,3.6,100,Biryani,Hosur Road,706,https://www.zomato.com//bangalore/new-ambur-biryani-point-2-hosur-road-bangalore 
Mane Holige Kuruku Thindi,3.6,100,Sweets,Jeevan Bhima Nagar,874,https://www.zomato.com//bangalore/snacks-corner-jeevan-bhima-nagar-bangalore 
Biryani Canteen,3.5,150,Biryani,Ulsoor,409,https://www.zomato.com//bangalore/shahi-family-restaurant-ulsoor-bangalore 
Baba Ganoush Cafe,4.0,150,Fast Food,Rajajinagar,2,https://www.zomato.com//bangalore/magic-pizza-corner-rajajinagar-bangalore 
Oh My Shawarma,4.2,150,South Indian,Church Street,137,https://www.zomato.com//bangalore/zed-the-baker-church-street-bangalore 
Nomad - Vegetarian And Plant Based Pizza Series,3.9,150,Fast Food,Domlur,992,https://www.zomato.com//bangalore/fresh-in-a-flash-domlur-bangalore 
Megna's Gourmet,3.8,150,Fast Food,Ulsoor,228,https://www.zomato.com//bangalore/new-alameen-restaurant-ulsoor-bangalore 
Sri Krishna Nandagokula Veg,3.5,150,South Indian,Brigade Road,137,https://www.zomato.com//bangalore/hotel-shangrila-brigade-road 
Basaveshwar Khanavali,4.4,150,North Indian,Rajajinagar,793,https://www.zomato.com//bangalore/shyam-mishra-juice-centre-rajajinagar-bangalore 
Baking Bad - Pizza Delivery,4.2,150,Fast Food,Domlur,5,https://www.zomato.com//bangalore/new-taj-biriyani-domlur-bangalore 
GetAWay - Ice Creams & Desserts,4.4,150,Desserts,Malleshwaram,649,https://www.zomato.com//bangalore/mane-holige-kuruku-thindi-malleshwaram-bangalore 
Barbecue By Punjab Grill,4.2,150,North Indian,Rajajinagar,768,https://www.zomato.com//bangalore/biryani-canteen-rajajinagar-bangalore 
The Lassi Park,4.3,150,Beverages,Frazer Town,25,https://www.zomato.com//bangalore/baba-ganoush-cafe-frazer-town-bangalore 
Udupi Sagar,4.1,150,South Indian,Koramangala,5,https://www.zomato.com//bangalore/oh-my-shawarma-koramangala-6th-block-bangalore 
Sri Udupi Grand,4.2,100,South Indian,Indiranagar,693,https://www.zomato.com//bangalore/nomad-vegetarian-and-plant-based-pizza-series-indiranagar-bangalore 
Shankru's Kitchen,4.2,100,Fast Food,Basavanagudi,10,https://www.zomato.com//bangalore/megnas-gourmet-basavanagudi-bangalore 
Rumi,3.7,100,North Indian,Indiranagar,11,https://www.zomato.com//bangalore/sri-krishna-nandagokula-veg-indiranagar-bangalore 
Marwadi Chaat Tiffin Services,4.2,100,North Indian,Jayanagar,14,https://www.zomato.com//bangalore/basaveshwar-khanavali-3-jayanagar-bangalore 
Say Cheese Cake,4.0,100,Desserts,Indiranagar,870,https://www.zomato.com//bangalore/baking-bad-pizza-delivery-indiranagar-bangalore 
The Rice Bowl,3.9,100,Asian,Malleshwaram,986,https://www.zomato.com//bangalore/getaway-ice-creams-desserts-malleshwaram-bangalore 
Luckhnow Street,4.0,100,Biryani,Brigade Road,663,https://www.zomato.com//bangalore/barbecue-by-punjab-grill-brigade-road-bangalore 
Thalassery Restaurant Multi Cuisine,3.7,100,Kerala,Jayanagar,206,https://www.zomato.com//bangalore/the-lassi-park-jayanagar-bangalore 
The Handi Crust,3.6,100,North Indian,City Market,5,https://www.zomato.com//bangalore/udupi-sagar-city-market-bangalore 
Cravy Wings,4.1,100,Fast Food,Shanti Nagar,24,https://www.zomato.com//bangalore/sri-udupi-grand-shanti-nagar 
Mahesh Lunch Home,3.9,100,South Indian,Shanti Nagar,586,https://www.zomato.com//bangalore/shankrus-kitchen-shanti-nagar-bangalore 
Buffalo Wild Wings,4.0,100,Mexican,Indiranagar,307,https://www.zomato.com//bangalore/rumi-indiranagar-bangalore 
Srinathji's,3.9,200,Chinese,Rajajinagar,840,https://www.zomato.com//bangalore/marwadi-chaat-tiffin-services-rajajinagar-bangalore 
Sultan Dum Biryani,4.3,200,Biryani,Koramangala,879,https://www.zomato.com//bangalore/say-cheese-cake-koramangala-6th-block-bangalore 
Edesia,4.1,200,Desserts,Hotel Southern Star,1046,https://www.zomato.com//bangalore/the-rice-bowl-1-lavelle-road 
Raidan Restaurant,3.8,200,Chinese,St. Marks Road,13,https://www.zomato.com//bangalore/luckhnow-street-st-marks-road-bangalore 
Shiv Shankar Chaats,3.3,200,Street Food,Frazer Town,647,https://www.zomato.com//bangalore/thalassery-restaurant-multi-cuisine-frazer-town-bangalore 
Sweet Bake - Cake And Desserts,4.0,200,Desserts,Ulsoor,741,https://www.zomato.com//bangalore/the-handi-crust-ulsoor-bangalore 
Srinidhi Sagar Deluxe,4.2,200,South Indian,Koramangala,225,https://www.zomato.com//bangalore/cravy-wings-koramangala-7th-block-bangalore 
Hot Momos Darjeeling Style,3.9,200,Chinese,Indiranagar,191,https://www.zomato.com//bangalore/mahesh-lunch-home-1-indiranagar-bangalore 
Jai Bhavani Dhaba,3.9,200,North Indian,Indiranagar,824,https://www.zomato.com//bangalore/buffalo-wild-wings-indiranagar-bangalore 
Food Springs,4.2,200,Chinese,Indiranagar,568,https://www.zomato.com//bangalore/srinathjis-indiranagar 
The Grand Hyderabad Biryani Restaurant,3.7,200,South Indian,Indiranagar,629,https://www.zomato.com//bangalore/sultan-dum-biryani-indiranagar-bangalore 
The Hole In The Wall Cafe,3.4,200,Beverages,Richmond Road,756,https://www.zomato.com//bangalore/edesia-richmond-road-bangalore 
"Bhatti Chicken - Grilled, NOT Fried!",4.1,250,Fast Food,Frazer Town,230,https://www.zomato.com//bangalore/raidan-restaurant-frazer-town 
Donburi,4.2,250,Chinese,Frazer Town,33,https://www.zomato.com//bangalore/shiv-shankar-chaats-frazer-town 
IGP Cakes,4.1,250,Desserts,Koramangala,776,https://www.zomato.com//bangalore/sweet-bake-cake-and-desserts-3-koramangala-7th-block-bangalore 
Sri Sai Ram Juice and Chats,3.8,250,Street Food,Domlur,132,https://www.zomato.com//bangalore/srinidhi-sagar-deluxe-domlur 
Abees Mess,4.3,250,Kerala,Koramangala,683,https://www.zomato.com//bangalore/hot-momos-darjeeling-style-koramangala-5th-block-bangalore 
Flavorville,3.7,250,Andhra,Indiranagar,742,https://www.zomato.com//bangalore/jai-bhavani-dhaba-indiranagar-bangalore 
Sendhoor Nataraaj Restaurant,4.1,250,Biryani,Jayanagar,259,https://www.zomato.com//bangalore/food-springs-jayanagar 
The Baker's Dozen,3.8,250,Desserts,Frazer Town,7,https://www.zomato.com//bangalore/the-grand-hyderabad-biryani-restaurant-frazer-town-bangalore 
Kudla Beach,4.4,250,South Indian,Koramangala,8102,https://www.zomato.com//bangalore/the-hole-in-the-wall-cafe-koramangala-4th-block-bangalore 
Dhanraj Ji Chole Bhature,4.0,250,North Indian,Shanti Nagar,733,https://www.zomato.com//bangalore/bhatti-chicken-grilled-not-fried-shanti-nagar-bangalore 
Veg Brooo - Chinese,4.0,250,Chinese,Richmond Town,983,https://www.zomato.com//bangalore/donburi-richmond-town-bangalore 
Malleshwaram Dosa Corner,3.9,250,South Indian,Wilson Garden,546,https://www.zomato.com//bangalore/igp-cakes-wilson-garden-bangalore 
Chapathi Mane,4.4,100,Sweets,Malleshwaram,2,https://www.zomato.com//bangalore/sri-sai-ram-juice-and-chats-malleshwaram-bangalore 
Uday Sweets,3.7,100,Sweets,BTM,5,https://www.zomato.com//bangalore/abees-mess-btm-bangalore 
The Momos And Chaap,3.7,100,North Indian,Basavanagudi,791,https://www.zomato.com//bangalore/flavorville-basavanagudi-bangalore 
Davanagere Benne Dose Manne,4.3,100,South Indian,Ulsoor,17,https://www.zomato.com//bangalore/sendhoor-nataraaj-restaurant-ulsoor-bangalore 
Thalassery Cafe,4.1,100,Street Food,Shanti Nagar,793,https://www.zomato.com//bangalore/the-bakers-dozen-shanti-nagar-bangalore 
Deli2Go,3.8,100,Beverages,Rajajinagar,110,https://www.zomato.com//bangalore/kudla-beach-rajajinagar 
King Chaat Wale,3.7,100,Street Food,Koramangala,3,https://www.zomato.com//bangalore/dhanraj-ji-chole-bhature-koramangala-7th-block-bangalore 
New Samrat Restaurant,3.8,100,North Indian,Indiranagar,526,https://www.zomato.com//bangalore/veg-brooo-chinese-indiranagar-bangalore 
Hotel Annapoorna,4.4,100,Biryani,Malleshwaram,7,https://www.zomato.com//bangalore/malleshwaram-dosa-corner-malleshwaram-bangalore 
Raffaele's Ristorante Pizzeria,4.3,100,Fast Food,Malleshwaram,711,https://www.zomato.com//bangalore/chapathi-mane-malleshwaram-bangalore 
Chai Galli,3.6,100,Andhra,Koramangala,523,https://www.zomato.com//bangalore/uday-sweets-koramangala-5th-block 
Madras Meal Company,4.2,100,South Indian,Indiranagar,534,https://www.zomato.com//bangalore/the-momos-and-chaap-indiranagar-bangalore 
Waffle Magic,3.8,200,Mexican,Basavanagudi,2,https://www.zomato.com//bangalore/davanagere-benne-dose-manne-basavanagudi-bangalore 
Fruitbae,3.9,200,Desserts,BTM,19,https://www.zomato.com//bangalore/thalassery-cafe-btm 
Cake Pastries,3.4,200,Desserts,Vasanth Nagar,620,https://www.zomato.com//bangalore/deli2go-vasanth-nagar-bangalore 
Boba Tree,3.9,200,Andhra,RT Nagar,908,https://www.zomato.com//bangalore/king-chaat-wale-rt-nagar-bangalore 
Magic Fill,4.1,200,North Indian,Seshadripuram,85,https://www.zomato.com//bangalore/new-samrat-restaurant-seshadripuram 
Muna Momos Corner,4.1,200,Chinese,Majestic,285,https://www.zomato.com//bangalore/hotel-annapoorna-majestic 
Roll Master,4.0,200,Fast Food,Koramangala,207,https://www.zomato.com//bangalore/raffaeles-ristorante-pizzeria-koramangala-6th-block-bangalore 
Lucknowee,3.8,200,North Indian,Church Street,25,https://www.zomato.com//bangalore/chai-galli-church-street-bangalore 
The Celebration Cakes And Desserts,4.5,200,Street Food,Frazer Town,699,https://www.zomato.com//bangalore/madras-meal-company-1-frazer-town-bangalore 
Mayura 1989 Andhra Speciality Restaurant,3.0,200,Andhra,Commercial Street,627,https://www.zomato.com//bangalore/waffle-magic-commercial-street-bangalore 
Burma Burma,3.1,200,Asian,Global Village,578,https://www.zomato.com//bangalore/fruitbae-rajajinagar-bangalore 
Churmur Chaat Company,4.1,200,Street Food,Rajajinagar,744,https://www.zomato.com//bangalore/cake-pastries-rajajinagar-bangalore 
SVI Food,4.0,100,North Indian,Race Course Road,752,https://www.zomato.com//bangalore/boba-tree-race-course-road-bangalore 
N Razakhiya Hotel,4.2,100,Fast Food,Basavanagudi,926,https://www.zomato.com//bangalore/magic-fill-basavanagudi-bangalore 
Mr. Chow,4.1,100,Chinese,Koramangala,2,https://www.zomato.com//bangalore/muna-momos-corner-koramangala-7th-block-bangalore 
Kerala Pavilion,4.3,100,Kerala,Shivajinagar,641,https://www.zomato.com//bangalore/roll-master-shivajinagar-bangalore 
Vegan Heat,3.7,100,Andhra,Koramangala,916,https://www.zomato.com//bangalore/lucknowee-koramangala-7th-block-bangalore 
Sagar Delicacy,4.1,100,North Indian,Koramangala,857,https://www.zomato.com//bangalore/the-celebration-cakes-and-desserts-1-koramangala-7th-block-bangalore 
Login 2 Eat,3.8,100,North Indian,Rajajinagar,183,https://www.zomato.com//bangalore/mayura-1989-andhra-speciality-restaurant-rajajinagar-bangalore 
Shaap,4.3,100,Kerala,Brigade Road,103,https://www.zomato.com//bangalore/burma-burma-brigade-road-bangalore 
Avanthi - Aromas of Andhra,4.3,100,Andhra,Residency Road,859,https://www.zomato.com//bangalore/churmur-chaat-company-residency-road-bangalore 
Ammaiyar Restaurant,4.0,100,South Indian,Ulsoor,25,https://www.zomato.com//bangalore/svi-food-ulsoor-bangalore 
Maharaja Military Canteen - Donne Biryani,4.1,100,Biryani,Nagawara,2,https://www.zomato.com//bangalore/n-razakhiya-hotel-nagawara-bangalore 
Sultans Of Spice,3.8,100,North Indian,Koramangala,767,https://www.zomato.com//bangalore/mr-chow-koramangala-4th-block-bangalore 
Madras Meal Company,4.0,250,South Indian,Domlur,252,https://www.zomato.com//bangalore/kerala-pavilion-domlur 
Chinita Real Mexican Food,4.2,250,Mexican,Koramangala,960,https://www.zomato.com//bangalore/vegan-heat-koramangala-1st-block 
Mamagoto,4.5,250,Asian,Ulsoor,100,https://www.zomato.com//bangalore/sagar-delicacy-ulsoor 
Yuki,4.0,250,Asian,Koramangala,2,https://www.zomato.com//bangalore/login-2-eat-koramangala-4th-block-bangalore 
Upahara Darshini Kims Canteen,4.2,250,Chinese,Indiranagar,293,https://www.zomato.com//bangalore/shaap-indiranagar 
Hotel Bilal Biriyani Centre,3.5,250,Biryani,Indiranagar,50,https://www.zomato.com//bangalore/avanthi-aromas-of-andhra-1-indiranagar-bangalore 
Step Right Up,4.3,250,Street Food,Ulsoor,5,https://www.zomato.com//bangalore/ammaiyar-restaurant-ulsoor-bangalore 
Madno - House of Sundaes,3.9,250,Desserts,Rajajinagar,898,https://www.zomato.com//bangalore/maharaja-military-canteen-donne-biryani-rajajinagar-bangalore 
Hotel Karavali,4.4,250,South Indian,BluPetal Hotel,4529,https://www.zomato.com//bangalore/sultans-of-spice-koramangala-5th-block-bangalore 
GLOBO Ice Creams Of The World,4.1,250,Desserts,Seshadripuram,790,https://www.zomato.com//bangalore/madras-meal-company-seshadripuram-bangalore 
Robin Brown Ice Cream,4.5,250,Desserts,Indiranagar,2920,https://www.zomato.com//bangalore/chinita-real-mexican-food-indiranagar 
Karnataka Chicken Biryani Point,4.0,250,Biryani,Indiranagar,2977,https://www.zomato.com//bangalore/mamagoto-indiranagar 
Sabra Famous Kati Roll,4.4,100,Fast Food,Koramangala,661,https://www.zomato.com//bangalore/yuki-koramangala-5th-block-bangalore 
Juice Junction,4.3,100,Beverages,City Market,575,https://www.zomato.com//bangalore/upahara-darshini-kims-canteen-city-market-bangalore 
Pizzazier By Mystique Palate,3.7,100,Fast Food,Mysore Road,8,https://www.zomato.com//bangalore/hotel-bilal-biriyani-centre-mysore-road-bangalore 
Good Fettle Healthy Ice Creams,3.9,100,Desserts,Vasanth Nagar,226,https://www.zomato.com//bangalore/step-right-up-vasanth-nagar 
Asia Seven – Sizzling Chinese,3.6,100,Chinese,Brigade Road,520,https://www.zomato.com//bangalore/madno-house-of-sundaes-brigade-road-bangalore 
Sri Sairam's Chats & Juice Centre,4.0,100,Street Food,Residency Road,58,https://www.zomato.com//bangalore/hotel-karavali-residency-road-bangalore 
R R Fruit Juice Center,4.0,100,Beverages,Shanti Nagar,583,https://www.zomato.com//bangalore/globo-ice-creams-of-the-world-shanti-nagar-bangalore 
Ipsha's Kitchen,4.4,100,South Indian,Shivajinagar,918,https://www.zomato.com//bangalore/robin-brown-ice-cream-shivajinagar-bangalore 
Sri Ganesh Sweets,3.5,100,Sweets,Basaveshwara Nagar,4,https://www.zomato.com//bangalore/karnataka-chicken-biryani-point-basaveshwara-nagar-bangalore 
Hanoi - Vietnamese Cuisine,4.0,100,Chinese,Commercial Street,522,https://www.zomato.com//bangalore/sabra-famous-kati-roll-commercial-street-bangalore 
Asha Food Camp,4.3,100,Chinese,Koramangala,846,https://www.zomato.com//bangalore/juice-junction-koramangala-5th-block-bangalore 
New Krishna Bhavan,4.0,100,South Indian,Jayanagar,540,https://www.zomato.com//bangalore/pizzazier-by-mystique-palate-jayanagar-bangalore 
Maison Du Brownie And Cheese Cake,3.8,300,Desserts,Koramangala,514,https://www.zomato.com//bangalore/good-fettle-healthy-ice-creams-koramangala-5th-block-bangalore 
Salad Matters,3.8,300,Andhra,Malleshwaram,2,https://www.zomato.com//bangalore/asia-seven-sizzling-chinese-malleshwaram-bangalore 
Celebration Special by CakeZone,4.0,300,Desserts,Malleshwaram,198,https://www.zomato.com//bangalore/sri-sairams-chats-juice-centre-malleshwaram-bangalore 
Go Zero Guilt Free Ice Creams,3.6,300,Desserts,Malleshwaram,679,https://www.zomato.com//bangalore/r-r-fruit-juice-center-malleshwaram-bangalore 
H R Biryani,3.9,300,Biryani,Magadi Road,813,https://www.zomato.com//bangalore/ipshas-kitchen-magadi-road-bangalore 
Millet Express,3.9,300,Andhra,City Market,630,https://www.zomato.com//bangalore/sri-ganesh-sweets-city-market-bangalore 
Xero Degrees,4.4,300,Beverages,Indiranagar,2618,https://www.zomato.com//bangalore/hanoi-vietnamese-cuisine-indiranagar-bangalore 
Pabrai's Fresh & Naturelle Icecreams,4.1,300,Desserts,Malleshwaram,585,https://www.zomato.com//bangalore/asha-food-camp-malleshwaram 
SAP Juice Junction,4.2,300,Beverages,Malleshwaram,702,https://www.zomato.com//bangalore/new-krishna-bhavan-malleshwaram 
Art Of Dum,4.5,300,Biryani,Indiranagar,43,https://www.zomato.com//bangalore/maison-du-brownie-and-cheese-cake-1-indiranagar-bangalore 
Shivanna Gulkan Stores,4.2,300,Street Food,Koramangala,39,https://www.zomato.com//bangalore/salad-matters-koramangala-4th-block-bangalore 
Chai Mane,3.9,300,Beverages,Koramangala,951,https://www.zomato.com//bangalore/celebration-special-by-cakezone-koramangala-6th-block-bangalore 
Haji Ali Juice Centre,3.9,250,Beverages,Koramangala,729,https://www.zomato.com//bangalore/go-zero-guilt-free-ice-creams-koramangala-5th-block-bangalore 
Smocky And Snacky,4.1,250,Fast Food,Richmond Road,740,https://www.zomato.com//bangalore/h-r-biryani-richmond-road-bangalore 
New Govind Rao Military Hotel,4.1,250,South Indian,Indiranagar,720,https://www.zomato.com//bangalore/millet-express-1-indiranagar-bangalore 
Backyard Burgers And Grill,3.5,250,Fast Food,Koramangala,99,https://www.zomato.com//bangalore/xero-degrees-koramangala-5th-block-bangalore 
Dhaba - Estd 1986 Delhi,4.5,250,North Indian,Brigade Road,143,https://www.zomato.com//bangalore/pabrais-fresh-naturelle-icecreams-brigade-road-bangalore 
Atithi Satkaar,3.9,250,North Indian,Old Airport Road,594,https://www.zomato.com//bangalore/sap-juice-junction-airport-road-bangalore 
Sri Ganesh Juice Junction,4.4,250,Beverages,Indiranagar,536,https://www.zomato.com//bangalore/art-of-dum-indiranagar-bangalore 
Bombay Kulfi &  Rabri,4.1,250,Desserts,Basavanagudi,973,https://www.zomato.com//bangalore/shivanna-gulkan-stores-basavanagudi-bangalore 
The Coorg Food Co.,4.2,250,South Indian,Basavanagudi,6,https://www.zomato.com//bangalore/chai-mane-basavanagudi 
Le Gateau - The Cake Shop,4.3,250,Desserts,Frazer Town,29,https://www.zomato.com//bangalore/haji-ali-juice-centre-frazer-town-bangalore 
Hive Honey Cake,3.9,250,Desserts,Basavanagudi,988,https://www.zomato.com//bangalore/smocky-and-snacky-basavanagudi-bangalore 
Uff Urban Food Factory,4.0,250,South Indian,Majestic,159,https://www.zomato.com//bangalore/new-govind-rao-military-hotel-majestic 
Copper + Cloves,4.0,300,Beverages,Indiranagar,31,https://www.zomato.com//bangalore/backyard-burgers-and-grill-indiranagar-bangalore 
Midnight Eats,4.0,300,Fast Food,Forum Rex Walk,21,https://www.zomato.com//bangalore/dhaba-estd-1986-delhi-1-brigade-road-bangalore 
Momo Rice Noodles,3.4,300,Fast Food,City Market,66,https://www.zomato.com//bangalore/atithi-satkaar-city-market-bangalore 
Curryce Andhra Bhojanam,3.6,300,Andhra,Koramangala,624,https://www.zomato.com//bangalore/sri-ganesh-juice-junction-koramangala-5th-block-bangalore 
Kolkata King,4.5,300,Fast Food,Shanti Nagar,713,https://www.zomato.com//bangalore/bombay-kulfi-rabri-shanti-nagar-bangalore 
Puliyogare Palace,4.0,300,South Indian,Koramangala,21,https://www.zomato.com//bangalore/the-coorg-food-co-koramangala-6th-block-bangalore 
KC Das,4.0,300,Sweets,Domlur,737,https://www.zomato.com//bangalore/le-gateau-the-cake-shop-domlur-bangalore 
Wheat Barn,4.0,300,Fast Food,Shivajinagar,610,https://www.zomato.com//bangalore/hive-honey-cake-shivajinagar-bangalore 
Justbe Resto Cafe,3.5,300,Beverages,Jayanagar,5,https://www.zomato.com//bangalore/uff-urban-food-factory-1-jayanagar-bangalore 
New Ambur Biryani,4.3,300,Biryani,Domlur,27,https://www.zomato.com//bangalore/copper-cloves-domlur-bangalore 
Mama Mangaalore,3.7,300,South Indian,Shivajinagar,754,https://www.zomato.com//bangalore/midnight-eats-shivajinagar-bangalore 
Element3,3.7,300,North Indian,BTM,19,https://www.zomato.com//bangalore/momo-rice-noodles-btm-bangalore 
Uttara Karnataka Jolada Rotti Mattu Chapati Angadi,3.9,100,South Indian,RT Nagar,12,https://www.zomato.com//bangalore/curryce-andhra-bhojanam-rt-nagar-bangalore 
Andhra Delight,3.7,100,Andhra,Basavanagudi,664,https://www.zomato.com//bangalore/kolkata-king-basavanagudi-bangalore 
Thin Tony's Pizza,3.1,100,Fast Food,Wilson Garden,790,https://www.zomato.com//bangalore/puliyogare-palace-wilson-garden-bangalore 
Juice Junction,3.7,100,Desserts,Jayanagar,987,https://www.zomato.com//bangalore/kc-das-jayanagar-bangalore 
Shetty Lunch Home,4.0,100,North Indian,Koramangala,540,https://www.zomato.com//bangalore/wheat-barn-koramangala-6th-block-bangalore 
Cheesecakes by CakeZone,4.3,100,Desserts,Sadashiv Nagar,656,https://www.zomato.com//justbecafe 
Oh! Bambai,4.0,100,Street Food,Shanti Nagar,15,https://www.zomato.com//bangalore/new-ambur-biryani-shanti-nagar 
Magic Chef Restaurant,4.0,100,Fast Food,Koramangala,44,https://www.zomato.com//bangalore/mama-mangaalore-koramangala-5th-block-bangalore 
The Betel Leaf Co - Originally from Bangalore,4.2,100,Sweets,Indiranagar,5,https://www.zomato.com//bangalore/element3-indiranagar-bangalore 
Bhole Ke Chole,3.6,100,North Indian,Jayanagar,601,https://www.zomato.com//bangalore/uttara-karnataka-jolada-rotti-mattu-chapati-angadi-jayanagar-bangalore 
Little Cafe,3.9,100,Fast Food,Koramangala,821,https://www.zomato.com//bangalore/andhra-delight-1-koramangala-1st-block-bangalore 
Agadi Mud Pot Tea,4.0,100,Bengali,Indiranagar,64,https://www.zomato.com//bangalore/thin-tonys-pizza-indiranagar-bangalore 
Naachiyar's,3.6,200,Biryani,Koramangala,529,https://www.zomato.com//bangalore/juice-junction-koramangala-5th-block 
Amore Gelato,4.2,200,Desserts,Koramangala,76,https://www.zomato.com//bangalore/shetty-lunch-home-koramangala-4th-block-bangalore 
Burger King,4.0,200,Fast Food,Koramangala,980,https://www.zomato.com//bangalore/cheesecakes-by-cakezone-koramangala-6th-block-bangalore 
Empire Restaurant,3.4,200,South Indian,Koramangala,607,https://www.zomato.com//bangalore/oh-bambai-koramangala-5th-block-bangalore 
A2B - Adyar Ananda Bhavan,3.6,200,South Indian,BTM,9,https://www.zomato.com//bangalore/magic-chef-restaurant-btm-bangalore 
Thalassery Restaurant,4.5,200,Kerala,Seshadripuram,758,https://www.zomato.com//bangalore/the-betel-leaf-co-originally-from-bangalore-seshadripuram-bangalore 
Kanti Sweets,3.4,200,Sweets,Koramangala,864,https://www.zomato.com//bangalore/bhole-ke-chole-koramangala-6th-block-bangalore 
Imperio Restaurant,3.5,200,South Indian,Basavanagudi,65,https://www.zomato.com//bangalore/little-cafe-6-basavanagudi 
WOW! Momo,4.3,200,Fast Food,Ejipura,574,https://www.zomato.com//bangalore/agadi-mud-pot-tea-ejipura-bangalore 
Kwality Wall’s Frozen Dessert and Ice Cream Shop,3.8,200,Desserts,Ulsoor,279,https://www.zomato.com//bangalore/naachiyars-1-ulsoor 
Chickpet Donne Biryani House,4.0,200,Biryani,Koramangala,791,https://www.zomato.com//bangalore/amore-gelato-koramangala-7th-block-bangalore 
KFC,4.0,200,Fast Food,Garuda Mall,219,https://www.zomato.com//bangalore/burger-king-brigade-road 
Meat And Eat,4.0,200,Fast Food,BTM,654,https://www.zomato.com//bangalore/empire-restaurant-btm-bangalore 
California Burrito,4.0,200,Mexican,Mysore Road,178,https://www.zomato.com//bangalore/a2b-adyar-ananda-bhavan-mysore-road-bangalore 
Beijing Bites,3.6,250,Chinese,Banashankari,23,https://www.zomato.com//bangalore/thalassery-restaurant-banashankari-bangalore 
RNR Biryani - Taste Of 1953,4.6,250,Biryani,MG Road,17,https://www.zomato.com//bangalore/kanti-sweets-mg-road-bangalore 
Starbucks Coffee,3.7,250,Beverages,Banashankari,656,https://www.zomato.com//bangalore/imperio-restaurant-1-banashankari-bangalore 
Bangarpet Chats,4.5,250,Street Food,CV Raman Nagar,645,https://www.zomato.com//bangalore/wow-momo-1-cv-raman-nagar-bangalore 
Chicpet Donne Biriyani House,4.3,250,Biryani,Vijay Nagar,599,https://www.zomato.com//bangalore/kwality-walls-frozen-dessert-and-ice-cream-shop-3-vijay-nagar-bangalore 
Sri Udupi Food Hub,4.0,250,South Indian,Jayanagar,36,https://www.zomato.com//bangalore/chickpet-donne-biryani-house-jayanagar-bangalore 
Hyderabad Biryaani House,3.5,250,Biryani,Majestic,39,https://www.zomato.com//bangalore/kfc-majestic-bangalore 
Call Me Chow,4.1,250,Chinese,Banashankari,37,https://www.zomato.com//bangalore/meat-and-eat-1-banashankari-bangalore 
Third Wave Coffee,4.4,250,Beverages,Sigma Mall,222,https://www.zomato.com//bangalore/california-burrito-cunningham-road 
Namaste,3.8,250,South Indian,Rajajinagar,562,https://www.zomato.com//bangalore/beijing-bites-rajajinagar-bangalore 
Savoury Restaurant,4.2,250,Arabian,Koramangala,519,https://www.zomato.com//bangalore/rnr-biryani-taste-of-1953-koramangala-8th-block-bangalore 
Madurai Idly Shop,4.1,250,South Indian,Commercial Street,34,https://www.zomato.com//bangalore/starbucks-coffee-commercial-street-bangalore 
Karnataka Bhel House,3.7,100,Street Food,Kammanahalli,746,https://www.zomato.com//bangalore/bangarpet-chats-1-kammanahalli-bangalore 
Thalairaj Biryani,4.0,100,Biryani,Koramangala,98,https://www.zomato.com//bangalore/chicpet-donne-biriyani-house-koramangala-7th-block-bangalore 
E2P Italian Pizza & Burger,3.7,100,Fast Food,Vijay Nagar,12,https://www.zomato.com//bangalore/sri-udupi-food-hub-vijay-nagar-bangalore 
Food King,4.1,100,Chinese,Richmond Road,53,https://www.zomato.com//bangalore/hyderabad-biryaani-house-1-richmond-road-bangalore 
Belgian Waffle Factory,4.0,100,Desserts,Kalyan Nagar,955,https://www.zomato.com//bangalore/call-me-chow-kalyan-nagar-bangalore 
Adiga's,4.2,100,South Indian,Malleshwaram,321,https://www.zomato.com//bangalore/third-wave-coffee-malleshwaram-bangalore 
Rajanna Military Hotel,3.8,100,Andhra,Ulsoor,571,https://www.zomato.com//bangalore/namaste-1-ulsoor-bangalore 
Gokul Veg,3.4,100,North Indian,Jayanagar,701,https://www.zomato.com//bangalore/savoury-restaurant-jayanagar-bangalore 
